mod_id,tower_id,contract_id,carrier,mod_type,submitted_date,approved_date,install_date,mod_approved,physically_installed,billing_updated,monthly_rate_change_usd,discrepancy_type,notes
MOD-691380-6070,CC-TWR-691380,TL-7192BA22,Verizon,Equipment Upgrade,2024-01-31,2024-03-18,2024-06-23,True,True,True,342.67,none,
MOD-345386-5205,CC-TWR-345386,TL-A63012DC,AT&T,Add Sector,2024-07-13,2024-10-03,2025-01-11,True,True,True,1013.71,none,
MOD-384076-5905,CC-TWR-384076,TL-C0FEE6F3,AT&T,RRU Replacement,2024-10-04,2024-11-19,2025-02-14,True,True,True,787.68,none,
MOD-384076-2493,CC-TWR-384076,TL-4998FBDE,Verizon,Add Sector,2024-01-15,2024-03-30,2024-05-16,True,True,True,662.29,none,
MOD-384076-8232,CC-TWR-384076,TL-DBF9A652,Verizon,Equipment Upgrade,2024-09-15,2024-11-22,2025-03-20,True,True,False,1498.83,billing_not_updated,Mod completed but billing system not updated — revenue leakage
MOD-239816-6257,CC-TWR-239816,TL-6E419C10,T-Mobile,Cabinet Addition,2024-07-24,2024-10-09,2024-12-19,True,True,True,992.1,none,
MOD-825423-9689,CC-TWR-825423,TL-E002BE4C,T-Mobile,Generator Install,2024-06-16,2024-08-30,2024-10-11,True,True,True,605.31,none,
MOD-825423-9995,CC-TWR-825423,TL-90EE551F,T-Mobile,Add Sector,2024-04-27,2024-07-14,2024-11-09,True,True,True,1172.72,none,
MOD-924265-9205,CC-TWR-924265,TL-D6BDA7A0,Verizon,Generator Install,2024-01-09,2024-02-07,,True,False,True,889.88,not_installed,Mod approved and billing updated but equipment never installed — tenant overcharged
MOD-622230-1422,CC-TWR-622230,TL-684E0022,Verizon,Generator Install,2024-08-18,2024-11-11,2025-03-05,True,True,False,236.47,billing_not_updated,Mod completed but billing system not updated — revenue leakage
MOD-971482-1686,CC-TWR-971482,TL-05924E44,AT&T,Generator Install,2024-07-21,2024-09-11,2024-12-17,True,True,True,992.08,none,
MOD-755910-5994,CC-TWR-755910,TL-93A41CBD,AT&T,Add Sector,2024-07-02,2024-07-27,2024-10-10,True,True,True,914.98,none,
MOD-653306-8583,CC-TWR-653306,TL-8F3D1AC8,AT&T,Height Change,2024-08-30,2024-09-27,2024-12-09,True,True,True,531.66,none,
MOD-336650-1866,CC-TWR-336650,TL-9BE3D84D,T-Mobile,Cabinet Addition,2024-09-26,2024-11-04,2024-12-09,True,True,True,487.2,none,
MOD-226882-9502,CC-TWR-226882,TL-1D352B4C,C Spire,Generator Install,2024-02-11,2024-04-13,2024-07-17,True,True,True,359.95,none,
MOD-561865-7667,CC-TWR-561865,TL-8B1213DB,AT&T,5G Overlay,2024-12-06,2025-02-23,,True,False,True,1136.4,not_installed,Mod approved and billing updated but equipment never installed — tenant overcharged
MOD-680189-6865,CC-TWR-680189,TL-E991FE83,AT&T,5G Overlay,2024-10-15,2025-01-03,2025-02-26,True,True,True,354.45,none,
MOD-251195-8259,CC-TWR-251195,TL-8B560559,AT&T,Height Change,2024-05-10,2024-07-10,2024-09-23,True,True,True,1077.75,none,
MOD-359168-4384,CC-TWR-359168,TL-B408F881,Verizon,Add Sector,2024-11-08,2025-01-28,2025-02-28,True,True,True,1292.84,none,
MOD-755420-3888,CC-TWR-755420,TL-FA46574C,AT&T,Add Sector,2024-08-13,2024-11-10,2024-12-23,True,True,True,399.15,none,
MOD-139807-8924,CC-TWR-139807,TL-301E787C,AT&T,Antenna Swap,2024-11-04,,2025-02-05,False,True,True,498.0,no_mod_application,Equipment change detected on tower without approved modification application
MOD-118632-6429,CC-TWR-118632,TL-9F554808,T-Mobile,Add Sector,2024-12-18,2025-01-20,2025-05-05,True,True,True,352.79,none,
MOD-861411-8430,CC-TWR-861411,TL-6C464437,Verizon,RRU Replacement,2024-07-22,2024-08-19,2024-09-20,True,True,True,383.92,none,
MOD-861411-8867,CC-TWR-861411,TL-3F9BF979,US Cellular,5G Overlay,2024-10-16,2024-12-30,2025-02-23,True,True,True,262.51,none,
MOD-698384-9739,CC-TWR-698384,TL-814B827B,Verizon,Cabinet Addition,2024-05-01,2024-07-08,2024-08-23,True,True,True,1149.1,none,
MOD-234443-1174,CC-TWR-234443,TL-55461279,T-Mobile,Add Sector,2024-08-08,2024-08-27,2024-10-22,True,True,True,1429.49,none,
MOD-827143-8652,CC-TWR-827143,TL-8AEFB21B,AT&T,RRU Replacement,2024-10-31,2024-11-23,2025-02-23,True,True,True,659.56,none,
MOD-827143-9033,CC-TWR-827143,TL-67BD452A,T-Mobile,Height Change,2024-01-18,2024-02-06,2024-05-10,True,True,True,1147.29,none,
MOD-827143-3662,CC-TWR-827143,TL-5F0D2546,Verizon,5G Overlay,2024-05-06,2024-06-22,2024-08-31,True,True,True,1318.94,none,
MOD-908554-2109,CC-TWR-908554,TL-36DE10A3,AT&T,Equipment Upgrade,2024-11-10,2025-01-18,2025-02-21,True,True,True,417.62,none,
MOD-208751-3724,CC-TWR-208751,TL-B9834D84,AT&T,5G Overlay,2024-09-02,2024-09-24,2024-12-17,True,True,True,1067.72,none,
MOD-594580-8907,CC-TWR-594580,TL-DA83EC04,DISH Wireless,Antenna Swap,2024-12-08,2025-01-04,2025-03-06,True,True,True,948.42,none,
MOD-770872-5721,CC-TWR-770872,TL-F74F35C3,Verizon,Equipment Upgrade,2024-04-30,,2024-10-11,False,True,True,980.42,no_mod_application,Equipment change detected on tower without approved modification application
MOD-986438-9387,CC-TWR-986438,TL-5E6037B0,Verizon,Equipment Upgrade,2024-01-12,2024-01-29,2024-04-12,True,True,True,1064.58,none,
MOD-863187-2844,CC-TWR-863187,TL-A4822505,AT&T,Height Change,2024-07-15,2024-07-29,2024-11-09,True,True,True,376.97,none,
MOD-863187-8637,CC-TWR-863187,TL-7F99C9E6,T-Mobile,Height Change,2024-12-31,2025-03-19,2025-06-08,True,True,True,718.88,none,
MOD-959972-3458,CC-TWR-959972,TL-632A5A46,T-Mobile,5G Overlay,2024-02-17,2024-05-13,2024-08-10,True,True,True,322.86,non_conformance,Installation does not match approved plans — wind load or interference risk
MOD-959972-3523,CC-TWR-959972,TL-B4A5BA7C,AT&T,Cabinet Addition,2024-03-23,2024-05-23,2024-09-16,True,True,True,1117.48,none,
MOD-959972-8286,CC-TWR-959972,TL-13A8994E,AT&T,Antenna Swap,2024-05-20,2024-08-15,2024-12-10,True,True,True,790.82,none,
MOD-872519-4972,CC-TWR-872519,TL-C2DD2E7B,AT&T,Cabinet Addition,2024-06-21,2024-07-23,2024-08-25,True,True,True,337.68,none,
MOD-831514-1551,CC-TWR-831514,TL-9B95AF5A,Verizon,Antenna Swap,2024-10-02,2024-12-29,2025-04-02,True,True,True,897.95,none,
MOD-831514-9768,CC-TWR-831514,TL-4757FFBC,Verizon,Antenna Swap,2024-02-09,2024-03-21,2024-07-18,True,True,True,831.44,none,
MOD-831514-5269,CC-TWR-831514,TL-AF4016EE,AT&T,5G Overlay,2024-11-11,2025-01-03,2025-03-17,True,True,True,1433.76,none,
MOD-961957-8527,CC-TWR-961957,TL-86B8DF66,Verizon,Antenna Swap,2024-10-19,2025-01-03,2025-04-02,True,True,True,290.98,none,
MOD-961957-5234,CC-TWR-961957,TL-ED176DED,T-Mobile,Generator Install,2024-08-01,2024-10-15,2024-12-16,True,True,True,1059.4,none,
MOD-825309-3227,CC-TWR-825309,TL-BAB74B62,T-Mobile,5G Overlay,2024-05-03,2024-07-09,2024-09-04,True,True,True,1316.78,none,
MOD-825309-2892,CC-TWR-825309,TL-97C476CC,AT&T,Height Change,2024-12-29,2025-02-27,2025-04-01,True,True,True,1458.89,none,
MOD-550418-1045,CC-TWR-550418,TL-77CC80DA,T-Mobile,RRU Replacement,2025-01-10,2025-02-27,2025-06-22,True,True,True,309.43,none,
MOD-550418-6040,CC-TWR-550418,TL-F8CFB973,AT&T,RRU Replacement,2024-01-10,2024-04-03,2024-05-09,True,True,True,934.88,none,
MOD-990649-9205,CC-TWR-990649,TL-0F9C82BD,T-Mobile,Equipment Upgrade,2024-04-11,2024-07-03,2024-08-18,True,True,False,1185.11,billing_not_updated,Mod completed but billing system not updated — revenue leakage
MOD-990649-8590,CC-TWR-990649,TL-62860494,T-Mobile,Height Change,2024-05-12,2024-07-31,,True,False,True,958.02,not_installed,Mod approved and billing updated but equipment never installed — tenant overcharged
MOD-251275-1837,CC-TWR-251275,TL-DBD207F2,T-Mobile,Cabinet Addition,2024-08-07,2024-08-22,2024-12-12,True,True,True,1454.81,none,
MOD-251275-3437,CC-TWR-251275,TL-C0BBFAF2,Verizon,Antenna Swap,2024-06-29,2024-07-20,2024-11-03,True,True,True,289.63,none,
MOD-251275-3378,CC-TWR-251275,TL-BA0D9986,T-Mobile,Generator Install,2024-01-22,2024-02-28,2024-06-25,True,True,True,485.63,none,
MOD-890170-1018,CC-TWR-890170,TL-A372CA8D,AT&T,Antenna Swap,2024-02-25,2024-05-23,2024-07-01,True,True,True,414.28,none,
MOD-907788-4857,CC-TWR-907788,TL-1E903859,Verizon,Equipment Upgrade,2024-07-20,2024-10-07,2024-11-12,True,True,True,515.61,none,
MOD-550081-7266,CC-TWR-550081,TL-5F7A645F,C Spire,Add Sector,2024-04-02,2024-05-21,2024-08-08,True,True,True,532.93,none,
MOD-965401-2437,CC-TWR-965401,TL-A2A52B85,AT&T,Height Change,2024-03-22,2024-05-20,2024-06-24,True,True,True,554.48,none,
MOD-965401-9064,CC-TWR-965401,TL-0CA8E850,T-Mobile,Height Change,2025-01-24,2025-03-11,2025-05-09,True,True,True,349.04,none,
MOD-990856-6270,CC-TWR-990856,TL-8B0BB333,T-Mobile,5G Overlay,2024-07-30,2024-09-16,2024-11-19,True,True,True,1076.89,none,
MOD-941814-6781,CC-TWR-941814,TL-3B783E51,Verizon,RRU Replacement,2024-02-11,2024-04-01,2024-07-27,True,True,True,1088.29,none,
MOD-996840-7710,CC-TWR-996840,TL-4A57FA65,T-Mobile,5G Overlay,2024-06-08,2024-06-30,2024-08-26,True,True,True,288.27,none,
MOD-343118-6457,CC-TWR-343118,TL-2F4C8B5F,T-Mobile,Cabinet Addition,2024-06-04,2024-08-06,2024-11-14,True,True,True,1101.49,none,
MOD-776604-2687,CC-TWR-776604,TL-E61BE301,AT&T,Equipment Upgrade,2024-01-01,,2024-04-18,False,True,True,932.47,no_mod_application,Equipment change detected on tower without approved modification application
MOD-863611-5125,CC-TWR-863611,TL-B2CDC190,AT&T,Cabinet Addition,2024-09-27,2024-12-18,2025-04-13,True,True,True,1114.09,none,
MOD-863611-8475,CC-TWR-863611,TL-E02337BF,AT&T,Equipment Upgrade,2025-01-03,2025-01-21,2025-04-22,True,True,True,996.44,none,
MOD-896456-5144,CC-TWR-896456,TL-431A191D,DISH Wireless,Cabinet Addition,2024-06-05,2024-08-05,2024-10-10,True,True,True,494.87,none,
MOD-971084-4396,CC-TWR-971084,TL-07EAAECD,C Spire,RRU Replacement,2024-04-12,2024-05-29,2024-09-04,True,True,True,1311.73,non_conformance,Installation does not match approved plans — wind load or interference risk
MOD-971084-6556,CC-TWR-971084,TL-277381B6,T-Mobile,Generator Install,2024-07-15,2024-09-13,2024-12-04,True,True,True,699.13,none,
MOD-977345-6129,CC-TWR-977345,TL-52F36FCD,Verizon,Add Sector,2024-03-16,2024-06-05,2024-08-11,True,True,True,1431.59,none,
MOD-778636-1659,CC-TWR-778636,TL-B343E163,Verizon,5G Overlay,2024-11-13,2025-01-08,2025-04-16,True,True,True,634.35,none,
MOD-782141-7506,CC-TWR-782141,TL-ABF5E177,DISH Wireless,Height Change,2024-06-08,2024-07-02,2024-08-12,True,True,True,346.26,none,
MOD-665610-7044,CC-TWR-665610,TL-5F5B52A9,AT&T,Generator Install,2024-09-16,2024-10-28,2025-01-13,True,True,True,1038.88,none,
MOD-665610-1221,CC-TWR-665610,TL-E23128FA,AT&T,Antenna Swap,2024-05-26,2024-06-17,2024-08-29,True,True,True,330.49,none,
MOD-665610-5358,CC-TWR-665610,TL-9174A50E,DISH Wireless,Antenna Swap,2024-09-12,2024-12-11,2025-03-05,True,True,True,550.78,none,
MOD-959959-2868,CC-TWR-959959,TL-A38318F3,T-Mobile,Generator Install,2024-01-22,2024-02-13,2024-05-07,True,True,True,766.6,non_conformance,Installation does not match approved plans — wind load or interference risk
MOD-959959-2406,CC-TWR-959959,TL-CB118DF6,DISH Wireless,Height Change,2024-02-09,2024-05-08,2024-06-27,True,True,True,942.14,non_conformance,Installation does not match approved plans — wind load or interference risk
MOD-972565-2696,CC-TWR-972565,TL-EBCE0F51,T-Mobile,Cabinet Addition,2024-08-01,2024-09-16,2024-11-02,True,True,True,1028.41,none,
MOD-460572-2680,CC-TWR-460572,TL-4F4E35DA,T-Mobile,Height Change,2025-01-16,2025-03-22,2025-05-08,True,True,True,1285.1,none,
MOD-197966-5379,CC-TWR-197966,TL-36BBD619,DISH Wireless,Cabinet Addition,2024-03-29,2024-05-09,2024-07-11,True,True,True,744.54,none,
MOD-151328-4625,CC-TWR-151328,TL-00C17C4E,T-Mobile,Cabinet Addition,2025-01-09,2025-02-15,2025-05-14,True,True,True,448.81,none,
MOD-389930-6683,CC-TWR-389930,TL-ABC6C614,T-Mobile,Add Sector,2024-06-18,2024-07-15,2024-09-28,True,True,True,681.14,none,
MOD-791567-9021,CC-TWR-791567,TL-D19807B4,AT&T,5G Overlay,2024-03-27,2024-05-10,2024-07-12,True,True,True,580.86,none,
MOD-561477-3493,CC-TWR-561477,TL-9CF8AA7A,US Cellular,RRU Replacement,2024-01-02,2024-02-22,2024-05-04,True,True,True,1347.82,none,
MOD-561477-3232,CC-TWR-561477,TL-51B254FF,AT&T,Cabinet Addition,2024-06-22,2024-09-18,2024-12-09,True,True,True,1057.97,none,
MOD-213355-5165,CC-TWR-213355,TL-BE2C7942,T-Mobile,Height Change,2024-03-24,2024-04-27,2024-06-30,True,True,True,278.56,none,
MOD-579404-3467,CC-TWR-579404,TL-8DF26090,DISH Wireless,5G Overlay,2024-02-11,2024-04-30,2024-07-07,True,True,True,856.88,none,
MOD-322423-7746,CC-TWR-322423,TL-F7B7363C,T-Mobile,5G Overlay,2024-09-17,2024-11-11,2024-12-28,True,True,True,556.13,none,
MOD-322423-9255,CC-TWR-322423,TL-A800B61F,Verizon,RRU Replacement,2024-04-06,2024-06-07,2024-08-10,True,True,True,1000.84,none,
MOD-871476-3692,CC-TWR-871476,TL-86E361CE,AT&T,RRU Replacement,2025-01-27,,2025-06-07,False,True,True,373.2,no_mod_application,Equipment change detected on tower without approved modification application
MOD-841666-4443,CC-TWR-841666,TL-F8A04013,T-Mobile,Equipment Upgrade,2024-11-03,,2025-02-28,False,True,True,1382.11,no_mod_application,Equipment change detected on tower without approved modification application
MOD-502810-9876,CC-TWR-502810,TL-D5687B0F,C Spire,Generator Install,2024-03-29,2024-05-13,2024-09-01,True,True,True,546.91,none,
MOD-502810-3121,CC-TWR-502810,TL-A4B71A00,T-Mobile,Generator Install,2024-12-05,2025-01-22,2025-03-03,True,True,True,1196.93,none,
MOD-154615-5531,CC-TWR-154615,TL-7D22CADD,Verizon,Add Sector,2024-11-23,2025-02-11,2025-04-18,True,True,True,1229.21,none,
MOD-579318-2825,CC-TWR-579318,TL-EFA1B68F,AT&T,5G Overlay,2024-12-18,2025-01-14,2025-02-18,True,True,True,1267.49,non_conformance,Installation does not match approved plans — wind load or interference risk
MOD-888734-1146,CC-TWR-888734,TL-907B4F03,AT&T,Add Sector,2024-04-01,2024-06-03,2024-08-04,True,True,True,361.2,none,
MOD-887443-7304,CC-TWR-887443,TL-B1F4E418,US Cellular,Cabinet Addition,2024-10-16,2024-11-03,,True,False,True,832.64,not_installed,Mod approved and billing updated but equipment never installed — tenant overcharged
MOD-560959-3915,CC-TWR-560959,TL-A6A58AE4,Verizon,Add Sector,2024-07-22,2024-09-20,2024-12-23,True,True,True,992.25,none,
MOD-558339-6864,CC-TWR-558339,TL-FAF05EF6,T-Mobile,Equipment Upgrade,2024-06-23,2024-07-14,2024-08-19,True,True,True,890.82,none,
MOD-701253-4517,CC-TWR-701253,TL-CBCC681D,C Spire,Generator Install,2025-01-31,2025-03-15,2025-05-14,True,True,True,685.3,none,
MOD-493663-4305,CC-TWR-493663,TL-9ADE17D3,Verizon,Height Change,2024-11-02,2024-12-05,,True,False,True,1109.3,not_installed,Mod approved and billing updated but equipment never installed — tenant overcharged
MOD-493663-3919,CC-TWR-493663,TL-601A6DB3,DISH Wireless,5G Overlay,2024-10-21,2024-12-09,2025-03-19,True,True,True,484.75,none,
MOD-493663-4251,CC-TWR-493663,TL-71190EA8,T-Mobile,Antenna Swap,2024-06-28,2024-09-13,2024-10-22,True,True,True,354.24,none,
MOD-823846-4629,CC-TWR-823846,TL-4943229E,US Cellular,Equipment Upgrade,2024-02-14,,2024-06-26,False,True,True,1418.61,no_mod_application,Equipment change detected on tower without approved modification application
MOD-397809-4779,CC-TWR-397809,TL-4D847ECB,Verizon,Cabinet Addition,2024-03-26,2024-06-13,2024-08-12,True,True,False,1074.41,billing_not_updated,Mod completed but billing system not updated — revenue leakage
MOD-211486-3299,CC-TWR-211486,TL-65696B13,T-Mobile,Equipment Upgrade,2024-04-08,2024-07-02,2024-09-30,True,True,True,1057.71,none,
MOD-934042-8172,CC-TWR-934042,TL-3878A041,T-Mobile,Equipment Upgrade,2024-09-18,2024-11-15,2025-02-26,True,True,True,398.16,none,
MOD-766275-7980,CC-TWR-766275,TL-94E94193,Verizon,Generator Install,2024-11-28,2025-01-02,2025-03-15,True,True,True,613.58,none,
MOD-398761-9420,CC-TWR-398761,TL-E2C6ECE3,Verizon,Height Change,2025-01-22,2025-04-11,2025-06-12,True,True,True,1439.95,none,
MOD-990598-3642,CC-TWR-990598,TL-0D8B6B37,Verizon,Height Change,2024-05-21,2024-07-16,2024-09-27,True,True,True,714.62,none,
MOD-483041-6970,CC-TWR-483041,TL-2F83AC99,T-Mobile,Add Sector,2024-05-20,2024-06-04,2024-07-22,True,True,True,829.15,none,
MOD-156213-7719,CC-TWR-156213,TL-FC7FBBC9,AT&T,Cabinet Addition,2025-01-05,2025-03-29,2025-06-05,True,True,True,777.8,none,
MOD-727354-9505,CC-TWR-727354,TL-F7DA996D,Verizon,Cabinet Addition,2024-12-30,2025-02-13,2025-04-30,True,True,True,1333.13,none,
MOD-575435-8034,CC-TWR-575435,TL-691B6C0E,AT&T,Add Sector,2025-01-01,2025-01-15,2025-03-15,True,True,True,1477.73,none,
MOD-930117-4310,CC-TWR-930117,TL-B2F90E3A,T-Mobile,Antenna Swap,2024-10-19,,2025-03-11,False,True,True,986.89,no_mod_application,Equipment change detected on tower without approved modification application
MOD-930117-8824,CC-TWR-930117,TL-FB3C00D3,Verizon,Height Change,2024-11-23,2025-02-02,2025-05-04,True,True,True,1447.65,none,
MOD-502491-6219,CC-TWR-502491,TL-01B5765D,Verizon,Generator Install,2024-05-28,2024-08-14,2024-10-28,True,True,True,1234.61,none,
MOD-626560-3339,CC-TWR-626560,TL-5C347C52,US Cellular,Equipment Upgrade,2024-01-29,2024-02-25,2024-04-23,True,True,True,1023.57,none,
MOD-950823-8001,CC-TWR-950823,TL-9E99B7A4,Verizon,Cabinet Addition,2024-12-12,2025-01-10,2025-02-25,True,True,True,919.13,none,
MOD-237962-7246,CC-TWR-237962,TL-C8278627,AT&T,Height Change,2024-05-19,2024-07-08,2024-08-26,True,True,True,1215.97,none,
MOD-694916-6113,CC-TWR-694916,TL-54927E95,AT&T,Height Change,2024-05-09,2024-07-06,2024-10-26,True,True,True,1269.67,none,
MOD-711046-7907,CC-TWR-711046,TL-B36DA67D,T-Mobile,5G Overlay,2024-10-06,2024-12-01,2025-01-27,True,True,True,1485.6,none,
MOD-291961-2951,CC-TWR-291961,TL-45D6860F,Verizon,Equipment Upgrade,2025-01-10,2025-02-02,2025-03-04,True,True,True,963.34,none,
MOD-291961-5149,CC-TWR-291961,TL-412DE865,T-Mobile,Height Change,2024-06-12,2024-07-31,2024-11-13,True,True,True,481.3,none,
MOD-291961-6743,CC-TWR-291961,TL-0BD4CEF2,AT&T,Equipment Upgrade,2024-02-16,2024-03-25,2024-07-21,True,True,True,318.0,none,
MOD-426711-8971,CC-TWR-426711,TL-B9764970,T-Mobile,Equipment Upgrade,2024-03-22,2024-05-01,2024-08-15,True,True,True,430.52,none,
MOD-426711-6941,CC-TWR-426711,TL-FCE89E39,C Spire,Generator Install,2024-01-18,2024-03-22,2024-05-31,True,True,True,750.51,none,
MOD-372315-9849,CC-TWR-372315,TL-18236F65,T-Mobile,Equipment Upgrade,2024-04-30,2024-07-24,2024-10-15,True,True,True,285.3,none,
MOD-372315-9451,CC-TWR-372315,TL-76D44540,Verizon,Height Change,2024-10-26,2024-11-17,2024-12-31,True,True,True,641.63,none,
MOD-198867-7637,CC-TWR-198867,TL-5E207D11,DISH Wireless,Height Change,2024-01-18,2024-02-07,2024-03-13,True,True,True,576.03,none,
MOD-327999-2743,CC-TWR-327999,TL-430672DF,Verizon,Height Change,2024-10-13,2024-12-26,2025-02-26,True,True,True,278.13,none,
MOD-912510-5286,CC-TWR-912510,TL-EB760164,T-Mobile,RRU Replacement,2025-01-02,2025-02-07,2025-03-22,True,True,True,960.81,none,
MOD-685549-7882,CC-TWR-685549,TL-02F144D4,DISH Wireless,RRU Replacement,2024-10-27,2024-12-09,2025-03-04,True,True,True,467.29,none,
MOD-685549-6737,CC-TWR-685549,TL-0DA97514,AT&T,5G Overlay,2024-04-06,2024-05-08,2024-07-12,True,True,True,821.7,none,
MOD-775960-2782,CC-TWR-775960,TL-D8CAB011,AT&T,Height Change,2025-01-18,2025-02-07,2025-05-23,True,True,True,928.95,none,
MOD-775960-1387,CC-TWR-775960,TL-133669EF,T-Mobile,Add Sector,2024-06-01,2024-07-28,2024-10-03,True,True,True,780.22,none,
MOD-208214-4634,CC-TWR-208214,TL-1DD67717,T-Mobile,Antenna Swap,2024-09-10,2024-10-17,2024-12-11,True,True,True,871.93,none,
MOD-805034-2564,CC-TWR-805034,TL-5B6E8B36,AT&T,Antenna Swap,2025-01-01,2025-03-13,2025-07-11,True,True,True,331.29,none,
MOD-207197-2437,CC-TWR-207197,TL-893C1E76,T-Mobile,Generator Install,2025-01-03,2025-01-20,2025-03-22,True,True,True,826.26,none,
MOD-855053-6231,CC-TWR-855053,TL-36C0CB5B,AT&T,Antenna Swap,2024-12-12,2025-03-12,2025-06-27,True,True,True,498.02,none,
MOD-488571-4523,CC-TWR-488571,TL-83204F68,T-Mobile,Generator Install,2024-12-22,2025-03-09,2025-06-01,True,True,True,1085.72,none,
MOD-488571-4900,CC-TWR-488571,TL-9D0FE0E0,Verizon,RRU Replacement,2025-01-13,2025-02-13,2025-03-22,True,True,True,1259.04,none,
MOD-184002-7852,CC-TWR-184002,TL-92DA80C4,US Cellular,Antenna Swap,2024-05-18,2024-07-13,2024-10-05,True,True,True,1026.28,none,
MOD-184002-2714,CC-TWR-184002,TL-DBD87BDB,Verizon,Cabinet Addition,2024-08-16,2024-11-12,2025-01-08,True,True,True,363.84,none,
MOD-412856-5268,CC-TWR-412856,TL-24FD9C6F,T-Mobile,Antenna Swap,2024-04-13,2024-06-11,2024-07-28,True,True,True,749.66,none,
MOD-324993-6414,CC-TWR-324993,TL-C33CC694,T-Mobile,Generator Install,2025-01-05,2025-02-10,2025-05-09,True,True,True,1286.44,none,
MOD-324993-1321,CC-TWR-324993,TL-8361A128,Verizon,RRU Replacement,2024-01-16,2024-04-02,2024-06-30,True,True,False,601.75,billing_not_updated,Mod completed but billing system not updated — revenue leakage
MOD-278852-6036,CC-TWR-278852,TL-F74E341E,T-Mobile,5G Overlay,2025-01-05,2025-02-07,,True,False,True,1136.84,not_installed,Mod approved and billing updated but equipment never installed — tenant overcharged
MOD-839945-1087,CC-TWR-839945,TL-3917D873,T-Mobile,Height Change,2024-11-13,2024-12-14,2025-04-07,True,True,True,329.16,none,
MOD-185569-6006,CC-TWR-185569,TL-B9D5DFF7,T-Mobile,Add Sector,2024-01-11,2024-02-26,2024-04-26,True,True,False,1126.0,billing_not_updated,Mod completed but billing system not updated — revenue leakage
MOD-185569-7123,CC-TWR-185569,TL-7C518C25,AT&T,RRU Replacement,2024-03-04,2024-04-04,,True,False,True,690.25,not_installed,Mod approved and billing updated but equipment never installed — tenant overcharged
MOD-384434-7846,CC-TWR-384434,TL-A71D541A,AT&T,Height Change,2024-10-01,2024-12-06,2025-01-23,True,True,True,1330.31,none,
MOD-949363-1638,CC-TWR-949363,TL-F621F0C8,Verizon,5G Overlay,2024-12-26,2025-01-15,2025-03-06,True,True,True,1068.04,none,
MOD-130353-3094,CC-TWR-130353,TL-0A42F60F,T-Mobile,Add Sector,2024-07-26,2024-08-31,2024-11-18,True,True,True,426.25,none,
MOD-130353-2898,CC-TWR-130353,TL-362C16F6,T-Mobile,Add Sector,2024-10-13,2024-12-02,2025-02-05,True,True,True,705.75,none,
MOD-130353-2260,CC-TWR-130353,TL-786F1E58,Verizon,5G Overlay,2024-08-23,2024-11-16,2025-02-10,True,True,True,1129.55,none,
MOD-784733-1315,CC-TWR-784733,TL-2B56F2DB,Verizon,Add Sector,2024-12-04,2024-12-22,2025-02-09,True,True,True,475.89,non_conformance,Installation does not match approved plans — wind load or interference risk
MOD-855185-4910,CC-TWR-855185,TL-94E7008A,Verizon,Add Sector,2024-12-20,2025-02-06,2025-04-07,True,True,True,1220.99,none,
MOD-245308-4778,CC-TWR-245308,TL-51F08B3D,Verizon,Equipment Upgrade,2024-12-13,2025-02-15,2025-04-17,True,True,True,374.09,none,
MOD-245308-7030,CC-TWR-245308,TL-16DB538F,T-Mobile,Height Change,2024-02-23,2024-03-24,2024-07-19,True,True,True,303.37,none,
MOD-245308-6474,CC-TWR-245308,TL-BA635D1B,AT&T,Add Sector,2024-02-10,2024-04-17,2024-06-23,True,True,True,1046.7,none,
MOD-271456-6103,CC-TWR-271456,TL-0189F76F,Verizon,Cabinet Addition,2024-12-07,,2025-05-02,False,True,True,493.43,no_mod_application,Equipment change detected on tower without approved modification application
MOD-256175-3175,CC-TWR-256175,TL-5F8BEA93,AT&T,Add Sector,2024-12-15,2025-03-15,2025-04-15,True,True,True,613.13,none,
MOD-898169-5525,CC-TWR-898169,TL-F5697F46,Verizon,Height Change,2024-06-14,2024-08-25,2024-11-29,True,True,True,739.09,none,
MOD-125755-8433,CC-TWR-125755,TL-04335DB6,T-Mobile,Add Sector,2025-01-01,2025-03-05,2025-05-18,True,True,True,1203.62,none,
MOD-414546-2719,CC-TWR-414546,TL-9BE2C0A3,T-Mobile,Height Change,2024-09-15,2024-11-22,2025-02-10,True,True,False,1229.63,billing_not_updated,Mod completed but billing system not updated — revenue leakage
MOD-453487-9867,CC-TWR-453487,TL-CFF93F59,T-Mobile,Height Change,2024-08-01,2024-09-14,2024-12-11,True,True,True,435.05,none,
MOD-243006-2606,CC-TWR-243006,TL-0B9EC5D8,T-Mobile,Cabinet Addition,2024-06-08,2024-08-12,2024-09-16,True,True,True,291.93,none,
MOD-185544-9595,CC-TWR-185544,TL-BE328523,C Spire,5G Overlay,2024-03-08,2024-05-06,2024-08-15,True,True,True,730.68,none,
MOD-825686-2252,CC-TWR-825686,TL-AC9CFB34,AT&T,Cabinet Addition,2024-06-09,2024-08-04,2024-10-01,True,True,True,441.11,none,
MOD-521126-8082,CC-TWR-521126,TL-8985A3D9,AT&T,Equipment Upgrade,2024-11-15,2025-01-12,2025-03-26,True,True,True,293.94,none,
MOD-372427-6878,CC-TWR-372427,TL-250DF96E,Verizon,RRU Replacement,2024-10-26,2025-01-08,2025-03-18,True,True,True,527.01,none,
MOD-883132-4147,CC-TWR-883132,TL-EA8B5A7F,Verizon,Cabinet Addition,2024-09-17,2024-10-20,2025-02-08,True,True,True,456.66,none,
MOD-271276-7148,CC-TWR-271276,TL-C6EDF0E4,Verizon,Add Sector,2024-10-23,2024-12-14,2025-03-02,True,True,True,952.21,none,
MOD-271276-6880,CC-TWR-271276,TL-29CFEA4F,AT&T,Add Sector,2024-09-11,2024-10-05,2025-01-03,True,True,True,446.86,none,
MOD-488539-2176,CC-TWR-488539,TL-A8043946,AT&T,Add Sector,2025-01-06,2025-02-26,2025-04-01,True,True,True,871.56,none,
MOD-595036-5321,CC-TWR-595036,TL-399376D2,US Cellular,Generator Install,2024-03-16,2024-04-12,2024-05-15,True,True,True,1120.97,none,
MOD-272529-9283,CC-TWR-272529,TL-B32BE973,T-Mobile,Height Change,2025-01-23,2025-03-07,,True,False,True,996.83,not_installed,Mod approved and billing updated but equipment never installed — tenant overcharged
MOD-272529-7908,CC-TWR-272529,TL-6BDB4E0E,Verizon,Height Change,2025-01-09,,2025-04-17,False,True,True,349.74,no_mod_application,Equipment change detected on tower without approved modification application
MOD-954441-6556,CC-TWR-954441,TL-1B7B2D24,AT&T,Generator Install,2024-10-10,2024-11-29,2025-01-13,True,True,True,1457.35,none,
MOD-906325-5311,CC-TWR-906325,TL-DB7352F8,AT&T,Height Change,2024-01-22,2024-03-30,2024-05-08,True,True,True,1251.14,none,
MOD-628689-1687,CC-TWR-628689,TL-49D6232D,AT&T,Add Sector,2024-12-10,2025-02-10,2025-05-12,True,True,True,530.76,none,
MOD-967823-8322,CC-TWR-967823,TL-683AE0D5,AT&T,Generator Install,2024-02-08,2024-03-25,2024-06-02,True,True,True,327.59,none,
MOD-967823-1217,CC-TWR-967823,TL-48BAE037,US Cellular,Antenna Swap,2024-02-23,2024-05-13,,True,False,True,625.4,not_installed,Mod approved and billing updated but equipment never installed — tenant overcharged
MOD-360909-4013,CC-TWR-360909,TL-1323D393,AT&T,Antenna Swap,2024-01-19,2024-04-16,2024-06-05,True,True,True,911.11,none,
MOD-360909-2227,CC-TWR-360909,TL-B409903F,T-Mobile,Generator Install,2024-01-31,2024-03-28,2024-05-13,True,True,True,314.6,none,
MOD-781113-3906,CC-TWR-781113,TL-8D07E0BF,AT&T,RRU Replacement,2024-09-29,2024-10-21,2024-12-19,True,True,False,1241.2,billing_not_updated,Mod completed but billing system not updated — revenue leakage
MOD-143195-9835,CC-TWR-143195,TL-8D8E1E71,AT&T,RRU Replacement,2024-05-30,2024-07-18,2024-11-12,True,True,True,1108.13,none,
MOD-660069-8777,CC-TWR-660069,TL-4F17568E,AT&T,Add Sector,2024-01-11,2024-04-09,2024-06-27,True,True,True,1459.5,none,
MOD-571404-5387,CC-TWR-571404,TL-423DA0E2,T-Mobile,Height Change,2024-07-25,,2024-11-27,False,True,True,1172.53,no_mod_application,Equipment change detected on tower without approved modification application
MOD-534152-2255,CC-TWR-534152,TL-A9E016C0,Verizon,Add Sector,2024-02-29,2024-03-16,2024-06-03,True,True,True,728.93,none,
MOD-534152-7246,CC-TWR-534152,TL-4736112E,AT&T,Cabinet Addition,2024-06-28,2024-09-07,,True,False,True,1277.51,not_installed,Mod approved and billing updated but equipment never installed — tenant overcharged
MOD-688678-6371,CC-TWR-688678,TL-5893D45A,Verizon,Equipment Upgrade,2024-02-13,2024-03-10,2024-06-13,True,True,True,1370.12,none,
MOD-373791-4301,CC-TWR-373791,TL-8426E65D,T-Mobile,5G Overlay,2024-02-09,2024-03-31,2024-05-31,True,True,True,932.13,none,
MOD-964226-5628,CC-TWR-964226,TL-980155FE,T-Mobile,Height Change,2024-11-28,2025-01-12,2025-02-28,True,True,True,557.43,none,
MOD-397005-2622,CC-TWR-397005,TL-5B39039B,T-Mobile,Generator Install,2025-01-23,2025-02-27,2025-06-15,True,True,True,240.4,none,
MOD-403915-8006,CC-TWR-403915,TL-9F618690,AT&T,Antenna Swap,2024-01-07,2024-01-31,2024-05-10,True,True,True,800.56,none,
MOD-667776-6022,CC-TWR-667776,TL-8F3E0F23,T-Mobile,Generator Install,2024-09-13,2024-10-10,2025-02-06,True,True,True,549.35,none,
MOD-570735-8062,CC-TWR-570735,TL-3DCE5A2F,T-Mobile,Antenna Swap,2025-01-10,2025-02-01,2025-04-05,True,True,True,1340.37,none,
MOD-109909-1062,CC-TWR-109909,TL-E9137693,T-Mobile,Height Change,2024-08-20,2024-11-15,2025-03-03,True,True,True,1193.9,none,
MOD-254506-8261,CC-TWR-254506,TL-7618F143,AT&T,5G Overlay,2024-06-04,2024-08-03,2024-10-02,True,True,True,259.9,none,
MOD-159354-3845,CC-TWR-159354,TL-F2BC703F,T-Mobile,RRU Replacement,2025-02-01,2025-04-30,2025-08-06,True,True,True,222.1,none,
MOD-942946-3003,CC-TWR-942946,TL-90D44609,T-Mobile,Generator Install,2024-05-11,2024-06-24,2024-08-08,True,True,True,940.85,none,
MOD-218881-1365,CC-TWR-218881,TL-2CE28ADC,AT&T,RRU Replacement,2024-05-23,2024-06-29,2024-09-29,True,True,True,792.18,none,
MOD-306854-6797,CC-TWR-306854,TL-13DD7E26,AT&T,Equipment Upgrade,2024-05-09,2024-05-25,2024-08-01,True,True,True,722.06,none,
MOD-511981-2383,CC-TWR-511981,TL-B0064CCD,Verizon,Generator Install,2024-09-05,2024-11-24,2025-03-12,True,True,True,1418.87,none,
MOD-375097-1914,CC-TWR-375097,TL-1634909A,US Cellular,Height Change,2024-05-12,2024-07-27,2024-09-17,True,True,True,767.15,none,
MOD-375097-6702,CC-TWR-375097,TL-1BCBE7B8,T-Mobile,Generator Install,2024-03-04,2024-03-31,2024-05-14,True,True,True,934.92,none,
MOD-988319-8123,CC-TWR-988319,TL-58A975BC,T-Mobile,Antenna Swap,2024-05-11,2024-06-24,2024-09-26,True,True,True,417.25,none,
MOD-880550-5472,CC-TWR-880550,TL-CE730418,AT&T,Add Sector,2024-07-19,2024-08-04,2024-10-17,True,True,True,701.06,none,
MOD-238353-1424,CC-TWR-238353,TL-634D9199,Verizon,Cabinet Addition,2024-07-14,2024-08-14,2024-11-15,True,True,True,1183.96,none,
MOD-895667-2928,CC-TWR-895667,TL-6D5FA27C,AT&T,5G Overlay,2024-12-26,2025-03-14,2025-06-20,True,True,False,833.73,billing_not_updated,Mod completed but billing system not updated — revenue leakage
MOD-895667-6092,CC-TWR-895667,TL-41BB5798,US Cellular,Antenna Swap,2024-03-20,2024-04-05,2024-07-10,True,True,True,1055.62,none,
MOD-167348-1548,CC-TWR-167348,TL-16925193,T-Mobile,Cabinet Addition,2024-06-03,2024-08-15,2024-09-20,True,True,True,1168.47,none,
MOD-167348-9455,CC-TWR-167348,TL-64CEEA00,AT&T,Height Change,2024-04-03,2024-07-02,2024-10-13,True,True,True,985.27,none,
MOD-489244-7301,CC-TWR-489244,TL-C365125E,T-Mobile,Height Change,2024-06-21,2024-08-02,2024-11-08,True,True,True,293.41,none,
MOD-583100-9632,CC-TWR-583100,TL-7010DE06,AT&T,Height Change,2024-09-22,2024-10-08,2024-12-15,True,True,True,901.74,none,
MOD-733561-5435,CC-TWR-733561,TL-05B3CED0,Verizon,Cabinet Addition,2024-04-20,2024-06-21,,True,False,True,1047.69,not_installed,Mod approved and billing updated but equipment never installed — tenant overcharged
MOD-275715-3326,CC-TWR-275715,TL-750B77AF,C Spire,Cabinet Addition,2024-04-02,2024-05-07,2024-08-30,True,True,True,556.56,none,
MOD-749468-7949,CC-TWR-749468,TL-EAD7E9E9,T-Mobile,RRU Replacement,2024-09-28,2024-12-15,2025-02-23,True,True,True,1447.34,none,
MOD-794663-6741,CC-TWR-794663,TL-D77DD19D,Verizon,Add Sector,2025-01-20,2025-02-11,2025-04-29,True,True,True,1022.17,none,
MOD-443254-8186,CC-TWR-443254,TL-0F1C7715,DISH Wireless,Generator Install,2024-07-30,2024-08-29,2024-11-23,True,True,True,423.87,none,
MOD-921533-7370,CC-TWR-921533,TL-D37E4ACB,T-Mobile,Height Change,2024-05-12,2024-07-02,2024-10-27,True,True,True,340.19,none,
MOD-735388-1641,CC-TWR-735388,TL-069FE16C,T-Mobile,Add Sector,2024-05-17,2024-07-28,2024-09-05,True,True,True,366.34,none,
MOD-572387-6881,CC-TWR-572387,TL-88026EDA,AT&T,Add Sector,2025-01-30,2025-04-09,2025-06-25,True,True,True,1325.94,none,
MOD-646428-6415,CC-TWR-646428,TL-F402F1A6,C Spire,Generator Install,2024-08-15,2024-10-22,2025-01-03,True,True,True,532.31,none,
MOD-416503-9228,CC-TWR-416503,TL-0F9D2E81,DISH Wireless,Add Sector,2024-01-04,2024-03-18,2024-04-18,True,True,True,1090.49,none,
MOD-643323-7869,CC-TWR-643323,TL-8496FA56,Verizon,Antenna Swap,2024-11-28,,2025-04-12,False,True,True,660.65,no_mod_application,Equipment change detected on tower without approved modification application
MOD-378258-1577,CC-TWR-378258,TL-9C102D76,T-Mobile,5G Overlay,2024-02-11,2024-04-03,2024-07-29,True,True,True,780.13,none,
MOD-620226-1053,CC-TWR-620226,TL-FBA94E97,T-Mobile,5G Overlay,2024-05-15,2024-07-06,2024-08-13,True,True,True,832.1,none,
MOD-193035-2912,CC-TWR-193035,TL-D3969A98,T-Mobile,Equipment Upgrade,2024-09-02,2024-11-21,2025-01-04,True,True,True,939.25,none,
MOD-193035-9628,CC-TWR-193035,TL-084AB416,AT&T,Equipment Upgrade,2024-04-10,2024-06-22,2024-08-01,True,True,True,649.24,none,
MOD-846247-1704,CC-TWR-846247,TL-4D96AFA7,T-Mobile,RRU Replacement,2024-03-12,2024-04-06,2024-05-19,True,True,True,681.13,none,
MOD-253347-8299,CC-TWR-253347,TL-D0AA0B4D,AT&T,5G Overlay,2024-04-02,2024-05-13,2024-08-07,True,True,True,1102.57,none,
MOD-691912-6506,CC-TWR-691912,TL-3A8CB5BD,T-Mobile,RRU Replacement,2025-02-01,2025-03-10,2025-04-12,True,True,True,446.63,none,
MOD-786508-6143,CC-TWR-786508,TL-4ECF3720,Verizon,Height Change,2025-01-26,2025-04-10,2025-06-28,True,True,True,599.06,none,
MOD-460745-4459,CC-TWR-460745,TL-28D34747,Verizon,RRU Replacement,2024-08-20,2024-09-11,2024-11-03,True,True,True,310.16,none,
MOD-460745-6240,CC-TWR-460745,TL-A95CF06E,C Spire,Cabinet Addition,2024-08-30,2024-10-15,2024-12-09,True,True,True,880.15,none,
MOD-475479-8526,CC-TWR-475479,TL-B3C43E71,Verizon,Equipment Upgrade,2024-02-18,2024-04-16,2024-06-30,True,True,True,390.84,none,
MOD-475479-7924,CC-TWR-475479,TL-E62416FD,Verizon,RRU Replacement,2024-05-05,2024-06-01,2024-07-14,True,True,True,1077.58,none,
MOD-212255-9110,CC-TWR-212255,TL-6D8F1F84,Verizon,Equipment Upgrade,2024-10-02,2024-10-29,2025-02-26,True,True,True,1252.41,none,
MOD-768676-9130,CC-TWR-768676,TL-9F384719,AT&T,5G Overlay,2024-10-11,2024-12-11,,True,False,True,1366.79,not_installed,Mod approved and billing updated but equipment never installed — tenant overcharged
MOD-618934-8816,CC-TWR-618934,TL-C1666943,T-Mobile,Add Sector,2025-01-20,2025-04-13,2025-06-22,True,True,True,820.4,none,
MOD-180657-1545,CC-TWR-180657,TL-D7CB0DDB,Verizon,Equipment Upgrade,2024-03-21,2024-05-05,2024-07-14,True,True,True,797.94,none,
MOD-767830-2517,CC-TWR-767830,TL-35292FB4,AT&T,RRU Replacement,2024-02-08,2024-03-11,2024-05-11,True,True,True,235.83,none,
MOD-278240-2158,CC-TWR-278240,TL-603A472B,T-Mobile,Generator Install,2024-08-30,2024-10-29,2024-12-12,True,True,True,773.72,none,
MOD-935457-9086,CC-TWR-935457,TL-4D641456,AT&T,Equipment Upgrade,2025-01-20,2025-02-04,2025-03-17,True,True,True,292.27,none,
MOD-161437-7078,CC-TWR-161437,TL-89975A38,T-Mobile,Generator Install,2024-10-25,2024-12-17,2025-02-20,True,True,True,969.19,none,
MOD-136415-8296,CC-TWR-136415,TL-C6FFE255,AT&T,RRU Replacement,2024-01-12,2024-02-23,2024-05-26,True,True,True,552.2,none,
MOD-508783-1078,CC-TWR-508783,TL-03540648,AT&T,Generator Install,2024-12-03,2024-12-29,2025-03-06,True,True,True,1407.1,none,
MOD-618746-2765,CC-TWR-618746,TL-A7C98439,T-Mobile,Antenna Swap,2024-06-12,2024-08-23,2024-11-03,True,True,True,800.05,none,
MOD-783176-4392,CC-TWR-783176,TL-5F20E912,Verizon,Antenna Swap,2024-03-11,2024-04-22,2024-08-01,True,True,True,1327.75,none,
MOD-598807-8733,CC-TWR-598807,TL-181AB00E,AT&T,RRU Replacement,2024-07-31,2024-10-02,2024-12-16,True,True,True,992.12,none,
