tower_id,contract_id,carrier,sectors,planned_mount_height_ft,actual_mount_height_ft,planned_tilt_deg,actual_tilt_deg,planned_azimuth_a_deg,actual_azimuth_a_deg,planned_antenna_model,actual_antenna_model,design_date,last_survey_date,discrepancy_type,sla_risk
CC-TWR-691380,TL-A2F750E6,AT&T,1,106,106,7.2,7.2,155,155,CommScope FFHH-65C-R3,CommScope FFHH-65C-R3,2024-12-12,2025-01-10,none,False
CC-TWR-691380,TL-7192BA22,Verizon,4,111,111,2.1,2.1,132,132,Ericsson AIR 3246,Ericsson AIR 3246,2024-09-12,2025-03-23,none,False
CC-TWR-691380,TL-E8ADDD16,AT&T,2,170,170,2.0,2.0,51,51,Ericsson AIR 6449,Ericsson AIR 6449,2024-08-10,2025-01-27,none,False
CC-TWR-691380,TL-B6034CFD,T-Mobile,3,182,182,7.4,12.0,67,67,CommScope SBNHH-1D65C,CommScope SBNHH-1D65C,2024-02-08,2025-01-25,tilt_deviation,True
CC-TWR-620465,TL-98E94818,AT&T,3,60,60,5.5,5.5,333,358,Nokia AirScale ABIA,Nokia AirScale ABIA,2024-06-24,2025-02-13,azimuth_rotation,True
CC-TWR-345386,TL-A63012DC,AT&T,3,66,66,7.9,7.9,89,89,Nokia AirScale ABIA,Nokia AirScale ABIA,2024-11-03,2025-03-15,none,False
CC-TWR-345386,TL-F92907D6,AT&T,2,44,44,3.3,3.3,298,298,Nokia AirScale ABIA,Nokia AirScale ABIA,2024-04-27,2025-02-07,none,False
CC-TWR-384076,TL-C0FEE6F3,AT&T,1,136,126,6.9,6.9,84,84,Nokia AirScale ABIA,Nokia AirScale ABIA,2024-08-01,2025-01-24,height_deviation,True
CC-TWR-384076,TL-4998FBDE,Verizon,3,89,89,3.8,3.8,0,0,CommScope FFHH-65C-R3-V2,CommScope FFHH-65C-R3-V2,2024-11-23,2025-01-26,none,False
CC-TWR-384076,TL-F25F2BD0,AT&T,4,97,97,3.2,3.2,256,256,Nokia AirScale ABIA,Nokia AirScale ABIA,2024-04-30,2025-01-10,none,False
CC-TWR-384076,TL-DBF9A652,Verizon,3,82,82,6.0,6.0,116,116,Samsung MT6407,Samsung MT6407,2024-03-08,2025-01-22,none,False
CC-TWR-239816,TL-C530AF9D,T-Mobile,2,287,287,5.1,5.1,325,325,Ericsson AIR 6449 B41,Ericsson AIR 6449 B41,2024-06-27,2025-03-14,none,False
CC-TWR-239816,TL-6E419C10,T-Mobile,1,207,207,2.2,2.2,260,260,Ericsson AIR 6449 B41,Ericsson AIR 6449 B41,2024-01-04,2025-01-17,none,False
CC-TWR-324597,TL-6DBA2146,Verizon,3,135,135,7.9,7.9,10,10,Samsung MT6407,Samsung MT6407,2024-02-24,2025-01-31,none,False
CC-TWR-324597,TL-4F994F62,Verizon,2,119,119,6.8,6.8,6,6,CommScope FFHH-65C-R3-V2,CommScope FFHH-65C-R3-V2,2024-04-19,2025-02-17,none,False
CC-TWR-409030,TL-3187A811,DISH Wireless,1,130,130,2.8,2.8,104,104,Ericsson AIR 3219,Ericsson AIR 3219,2024-03-28,2025-03-27,none,False
CC-TWR-409030,TL-1E3F032B,T-Mobile,3,194,194,4.2,4.2,63,63,Ericsson AIR 6449 B41,Ericsson AIR 6449 B41,2024-08-04,2025-02-05,none,False
CC-TWR-409030,TL-0FE484E9,T-Mobile,1,223,223,2.2,2.2,242,242,Ericsson AIR 6449 B41,Ericsson AIR 6449 B41,2024-08-24,2025-01-03,none,False
CC-TWR-786406,TL-EC05EE21,AT&T,1,188,188,5.7,5.7,147,147,CommScope FFHH-65C-R3,CommScope FFHH-65C-R3,2024-04-23,2025-02-26,none,False
CC-TWR-786406,TL-B7CFAAA4,Verizon,1,248,248,4.1,4.1,43,43,Ericsson AIR 3246,Ericsson AIR 3246,2024-02-07,2025-02-01,none,False
CC-TWR-786406,TL-018739CA,Verizon,1,152,152,4.6,4.6,339,339,CommScope FFHH-65C-R3-V2,CommScope FFHH-65C-R3-V2,2024-02-09,2025-02-07,none,False
CC-TWR-786406,TL-F77A2AC3,AT&T,1,127,127,7.0,7.0,262,262,Ericsson AIR 6449,Ericsson AIR 6449,2024-12-11,2025-02-10,none,False
CC-TWR-786406,TL-971752FF,Verizon,3,271,271,3.4,3.4,317,317,Samsung MT6407,Samsung MT6407,2024-08-02,2025-02-05,none,False
CC-TWR-717661,TL-A347D3C7,T-Mobile,1,219,219,7.5,7.5,223,223,Ericsson AIR 6449 B41,Ericsson AIR 6449 B41,2024-08-10,2025-02-01,none,False
CC-TWR-717661,TL-845B821C,T-Mobile,3,196,196,6.5,6.5,263,263,CommScope SBNHH-1D65C,CommScope SBNHH-1D65C,2024-01-06,2025-02-08,none,False
CC-TWR-717661,TL-E7134316,AT&T,1,287,287,5.7,5.7,214,214,CommScope FFHH-65C-R3,CommScope FFHH-65C-R3,2024-10-31,2025-02-19,none,False
CC-TWR-296059,TL-C6E4A631,Verizon,3,56,56,4.2,4.2,186,186,CommScope FFHH-65C-R3-V2,CommScope FFHH-65C-R3-V2,2024-05-01,2025-01-07,none,False
CC-TWR-296059,TL-4990E4AF,DISH Wireless,1,62,62,3.6,3.6,129,129,Nokia AAHQA,Nokia AAHQA,2024-07-03,2025-02-05,none,False
CC-TWR-608149,TL-05F4D689,AT&T,3,114,114,3.4,3.4,219,219,Ericsson AIR 6449,Ericsson AIR 6449,2024-08-23,2025-02-09,none,False
CC-TWR-749253,TL-5E47AFF3,AT&T,3,160,160,6.2,6.2,343,343,CommScope FFHH-65C-R3,CommScope FFHH-65C-R3,2024-12-13,2025-02-15,none,False
CC-TWR-472358,TL-5F0E243B,Verizon,3,86,86,5.8,5.8,12,12,Ericsson AIR 3246,Ericsson AIR 3246,2024-08-06,2025-01-31,none,False
CC-TWR-472358,TL-B45EA56A,T-Mobile,1,126,126,5.6,5.6,160,160,CommScope SBNHH-1D65C,CommScope SBNHH-1D65C,2024-03-22,2025-03-08,none,False
CC-TWR-472358,TL-6DE8A313,AT&T,2,90,90,3.6,3.6,259,259,Ericsson AIR 6449,Ericsson AIR 6449,2024-04-23,2025-02-28,none,False
CC-TWR-825423,TL-E002BE4C,T-Mobile,2,219,219,3.2,3.2,84,84,Ericsson AIR 6449 B41,Ericsson AIR 6449 B41,2024-03-19,2025-01-29,none,False
CC-TWR-825423,TL-90EE551F,T-Mobile,3,245,245,6.0,6.0,259,259,Nokia AAFIA,Nokia AAFIA,2024-08-16,2025-02-07,none,False
CC-TWR-201255,TL-75D501CA,T-Mobile,2,253,247,4.0,4.0,204,204,CommScope SBNHH-1D65C,CommScope SBNHH-1D65C,2024-08-10,2025-01-09,height_deviation,True
CC-TWR-201255,TL-53822B64,Verizon,4,170,170,6.5,6.5,161,161,Samsung MT6407,Ericsson AIR 3246,2024-10-02,2025-01-14,model_mismatch,False
CC-TWR-924265,TL-837E4A11,Verizon,3,171,171,2.1,6.8,101,101,Samsung MT6407,Samsung MT6407,2024-03-27,2025-01-26,tilt_deviation,True
CC-TWR-924265,TL-D6BDA7A0,Verizon,3,97,97,6.9,6.9,333,333,CommScope FFHH-65C-R3-V2,CommScope FFHH-65C-R3-V2,2024-10-15,2025-01-28,none,False
CC-TWR-901909,TL-23693C8F,Verizon,3,195,195,7.6,7.6,340,340,Ericsson AIR 3246,Ericsson AIR 3246,2024-09-16,2025-01-25,none,False
CC-TWR-901909,TL-F4D2A88C,AT&T,2,232,232,3.3,3.3,320,320,Nokia AirScale ABIA,Nokia AirScale ABIA,2024-10-03,2025-03-10,none,False
CC-TWR-901909,TL-7D035C4C,Verizon,1,195,195,2.6,2.6,54,54,Ericsson AIR 3246,Ericsson AIR 3246,2024-02-18,2025-03-16,none,False
CC-TWR-810859,TL-890D877C,T-Mobile,2,175,175,2.6,2.6,134,134,Ericsson AIR 6449 B41,Ericsson AIR 6449 B41,2024-05-28,2025-02-03,none,False
CC-TWR-810859,TL-8A0FAF83,T-Mobile,2,223,223,3.4,3.4,261,261,Ericsson AIR 6449 B41,Ericsson AIR 6449 B41,2024-12-25,2025-02-03,none,False
CC-TWR-622230,TL-B35151B6,T-Mobile,1,150,150,4.9,4.9,94,94,Nokia AAFIA,Nokia AAFIA,2024-04-24,2025-03-16,none,False
CC-TWR-622230,TL-684E0022,Verizon,4,199,199,2.2,2.2,185,185,CommScope FFHH-65C-R3-V2,CommScope FFHH-65C-R3-V2,2024-02-21,2025-01-23,none,False
CC-TWR-971482,TL-DEAA9CAA,US Cellular,2,82,82,7.1,7.1,254,254,Andrew DBXLH-6565C-VTM,Andrew DBXLH-6565C-VTM,2024-04-28,2025-01-22,none,False
CC-TWR-971482,TL-05924E44,AT&T,3,109,109,5.2,5.2,35,35,Ericsson AIR 6449,Ericsson AIR 6449,2024-05-12,2025-01-31,none,False
CC-TWR-971482,TL-BE75B5AF,Verizon,4,110,110,6.6,6.6,328,328,Samsung MT6407,Samsung MT6407,2024-08-03,2025-01-23,none,False
CC-TWR-755910,TL-93A41CBD,AT&T,2,128,128,5.7,5.7,278,278,Nokia AirScale ABIA,Nokia AirScale ABIA,2024-11-26,2025-03-26,none,False
CC-TWR-653306,TL-8F3D1AC8,AT&T,3,222,222,2.7,2.7,317,317,Nokia AirScale ABIA,Nokia AirScale ABIA,2024-02-11,2025-02-07,none,False
CC-TWR-653306,TL-5FBD2F9C,DISH Wireless,2,216,216,6.2,6.2,68,68,Ericsson AIR 3219,Ericsson AIR 3219,2024-10-06,2025-01-21,none,False
CC-TWR-653306,TL-8ED093B0,AT&T,1,250,250,3.0,3.0,224,224,Nokia AirScale ABIA,Nokia AirScale ABIA,2024-11-22,2025-01-09,none,False
CC-TWR-689318,TL-94D644AE,T-Mobile,3,239,239,7.3,7.3,297,297,Nokia AAFIA,Nokia AAFIA,2024-01-11,2025-02-28,none,False
CC-TWR-689318,TL-65032242,Verizon,2,194,194,3.5,3.5,100,100,Ericsson AIR 3246,Samsung MT6407,2024-11-12,2025-03-10,model_mismatch,False
CC-TWR-336650,TL-9BE3D84D,T-Mobile,3,187,187,3.9,3.9,297,297,CommScope SBNHH-1D65C,CommScope SBNHH-1D65C,2024-08-18,2025-01-05,mount_conflict,False
CC-TWR-226882,TL-A01A694A,AT&T,2,137,137,5.7,8.2,153,153,Ericsson AIR 6449,Ericsson AIR 6449,2024-03-18,2025-01-27,tilt_deviation,True
CC-TWR-226882,TL-1D352B4C,C Spire,1,87,87,4.6,4.6,258,258,CommScope NHH-45C-R1A,CommScope NHH-45C-R1A,2024-11-26,2025-01-20,none,False
CC-TWR-561865,TL-BF1C8B62,C Spire,2,123,123,5.1,5.1,270,270,CommScope NHH-45C-R1A,CommScope NHH-45C-R1A,2024-07-07,2025-01-05,none,False
CC-TWR-561865,TL-8B1213DB,AT&T,1,130,130,5.4,5.4,302,302,CommScope FFHH-65C-R3,CommScope FFHH-65C-R3,2024-12-27,2025-03-09,none,False
CC-TWR-680189,TL-D95F1F89,Verizon,1,157,157,5.1,5.1,88,88,CommScope FFHH-65C-R3-V2,CommScope FFHH-65C-R3-V2,2024-08-22,2025-02-11,none,False
CC-TWR-680189,TL-E991FE83,AT&T,2,149,149,4.7,4.7,156,171,CommScope FFHH-65C-R3,CommScope FFHH-65C-R3,2024-02-08,2025-03-24,azimuth_rotation,True
CC-TWR-680189,TL-571FF97E,Verizon,2,145,145,6.6,6.6,155,155,Samsung MT6407,Samsung MT6407,2024-02-12,2025-02-19,none,False
CC-TWR-251195,TL-8B560559,AT&T,1,157,157,2.3,2.3,277,277,Nokia AirScale ABIA,Nokia AirScale ABIA,2024-12-18,2025-03-04,none,False
CC-TWR-251195,TL-6439EECD,T-Mobile,2,139,139,5.7,5.7,44,44,CommScope SBNHH-1D65C,CommScope SBNHH-1D65C,2024-04-16,2025-03-02,none,False
CC-TWR-552275,TL-B69AE8C4,Verizon,3,139,139,4.2,4.2,356,356,Samsung MT6407,Samsung MT6407,2024-04-28,2025-03-06,none,False
CC-TWR-552275,TL-7AFCCC06,AT&T,4,171,171,3.9,3.9,219,219,Nokia AirScale ABIA,Nokia AirScale ABIA,2024-03-08,2025-03-26,none,False
CC-TWR-780027,TL-66693328,T-Mobile,4,90,90,5.4,5.4,224,224,CommScope SBNHH-1D65C,CommScope SBNHH-1D65C,2024-11-30,2025-01-18,none,False
CC-TWR-924040,TL-9A4A2A49,AT&T,2,152,152,5.5,5.5,308,308,CommScope FFHH-65C-R3,CommScope FFHH-65C-R3,2024-06-14,2025-03-30,none,False
CC-TWR-924566,TL-B73AE3CF,Verizon,3,188,188,3.5,3.5,119,119,Ericsson AIR 3246,Ericsson AIR 3246,2024-03-18,2025-01-22,none,False
CC-TWR-924566,TL-43B383E3,AT&T,1,96,96,7.8,7.8,222,222,CommScope FFHH-65C-R3,CommScope FFHH-65C-R3,2024-08-08,2025-03-24,none,False
CC-TWR-440998,TL-FA230F46,T-Mobile,3,106,106,3.5,3.5,264,264,CommScope SBNHH-1D65C,CommScope SBNHH-1D65C,2024-02-11,2025-03-27,none,False
CC-TWR-440998,TL-958766E5,AT&T,2,217,217,2.3,2.3,145,145,Ericsson AIR 6449,Ericsson AIR 6449,2024-04-19,2025-02-11,none,False
CC-TWR-440998,TL-C3141934,T-Mobile,3,128,128,2.6,2.6,189,189,Ericsson AIR 6449 B41,Ericsson AIR 6449 B41,2024-02-21,2025-02-12,none,False
CC-TWR-294969,TL-817CABCB,Verizon,3,68,68,7.7,7.7,13,13,Samsung MT6407,Samsung MT6407,2024-08-19,2025-03-23,none,False
CC-TWR-162804,TL-F299A3A2,AT&T,2,67,67,5.3,5.3,249,249,Ericsson AIR 6449,Ericsson AIR 6449,2024-02-01,2025-03-03,none,False
CC-TWR-162804,TL-E5CCCE30,DISH Wireless,3,73,73,2.4,2.4,74,74,Nokia AAHQA,Nokia AAHQA,2024-03-27,2025-03-15,none,False
CC-TWR-162804,TL-79FEDCBB,T-Mobile,4,55,55,5.1,5.1,31,31,Nokia AAFIA,Nokia AAFIA,2024-09-12,2025-03-03,none,False
CC-TWR-359168,TL-B408F881,Verizon,3,158,158,2.1,2.1,94,94,Ericsson AIR 3246,Ericsson AIR 3246,2024-05-15,2025-01-15,none,False
CC-TWR-359168,TL-A01D4541,T-Mobile,1,241,241,7.6,7.6,67,67,Nokia AAFIA,Nokia AAFIA,2024-10-16,2025-01-22,none,False
CC-TWR-359168,TL-B5F08101,T-Mobile,3,183,183,5.6,5.6,56,56,CommScope SBNHH-1D65C,CommScope SBNHH-1D65C,2024-09-29,2025-02-15,none,False
CC-TWR-359168,TL-6C062D89,AT&T,4,226,226,7.6,7.6,270,270,Nokia AirScale ABIA,Nokia AirScale ABIA,2024-03-26,2025-03-09,none,False
CC-TWR-755420,TL-8EED608D,T-Mobile,3,245,245,4.6,4.6,324,324,Ericsson AIR 6449 B41,Ericsson AIR 6449 B41,2024-03-13,2025-03-18,none,False
CC-TWR-755420,TL-7541AD80,DISH Wireless,2,130,130,6.2,6.2,224,224,Nokia AAHQA,Nokia AAHQA,2024-05-30,2025-03-16,none,False
CC-TWR-755420,TL-DE180CF2,T-Mobile,3,125,125,7.6,7.6,165,188,Nokia AAFIA,Nokia AAFIA,2024-09-11,2025-03-26,azimuth_rotation,True
CC-TWR-755420,TL-FA46574C,AT&T,2,194,194,7.7,7.7,265,265,Nokia AirScale ABIA,Nokia AirScale ABIA,2024-05-12,2025-01-30,none,False
CC-TWR-755420,TL-E0BFC17E,Verizon,3,142,142,2.2,2.2,325,325,Ericsson AIR 3246,Ericsson AIR 3246,2024-11-16,2025-02-21,none,False
CC-TWR-706403,TL-792A9680,T-Mobile,2,66,66,7.6,10.1,283,283,CommScope SBNHH-1D65C,CommScope SBNHH-1D65C,2024-05-13,2025-02-09,tilt_deviation,True
CC-TWR-706403,TL-021B65D3,Verizon,1,84,84,5.0,9.3,344,344,CommScope FFHH-65C-R3-V2,CommScope FFHH-65C-R3-V2,2024-11-22,2025-01-21,tilt_deviation,True
CC-TWR-139807,TL-E723DFB3,AT&T,4,84,84,3.9,5.9,153,153,Ericsson AIR 6449,Ericsson AIR 6449,2024-01-30,2025-01-06,tilt_deviation,True
CC-TWR-139807,TL-301E787C,AT&T,4,76,76,6.5,6.5,14,14,Nokia AirScale ABIA,Nokia AirScale ABIA,2024-03-29,2025-01-18,none,False
CC-TWR-727086,TL-95AAFD6F,AT&T,1,76,76,5.9,5.9,214,214,Nokia AirScale ABIA,Nokia AirScale ABIA,2024-05-16,2025-01-03,none,False
CC-TWR-979269,TL-05205E79,US Cellular,1,240,240,6.5,6.5,113,113,Andrew DBXLH-6565C-VTM,Andrew DBXLH-6565C-VTM,2024-03-12,2025-02-02,none,False
CC-TWR-979269,TL-AD00DCA7,T-Mobile,3,178,178,2.4,2.4,204,204,Nokia AAFIA,Nokia AAFIA,2024-04-04,2025-01-21,none,False
CC-TWR-880746,TL-2AB0FA4E,AT&T,2,85,85,2.7,2.7,119,119,Nokia AirScale ABIA,Nokia AirScale ABIA,2024-10-09,2025-02-26,none,False
CC-TWR-118632,TL-6E609C44,Verizon,4,47,36,2.4,2.4,276,276,Ericsson AIR 3246,Ericsson AIR 3246,2024-10-17,2025-01-31,height_deviation,True
CC-TWR-118632,TL-9F554808,T-Mobile,3,80,80,7.9,7.9,124,124,Nokia AAFIA,Nokia AAFIA,2024-10-02,2025-03-01,none,False
CC-TWR-118632,TL-4D611075,T-Mobile,4,66,66,3.8,3.8,197,197,CommScope SBNHH-1D65C,CommScope SBNHH-1D65C,2024-06-30,2025-02-19,none,False
CC-TWR-861411,TL-6C464437,Verizon,2,169,169,8.0,8.0,301,301,CommScope FFHH-65C-R3-V2,CommScope FFHH-65C-R3-V2,2024-10-20,2025-02-02,none,False
CC-TWR-861411,TL-3F9BF979,US Cellular,2,298,298,7.5,7.5,116,116,Andrew DBXLH-6565C-VTM,Andrew DBXLH-6565C-VTM,2024-02-27,2025-03-14,none,False
CC-TWR-698384,TL-814B827B,Verizon,2,180,180,4.8,4.8,127,127,CommScope FFHH-65C-R3-V2,CommScope FFHH-65C-R3-V2,2024-04-15,2025-01-01,none,False
CC-TWR-698384,TL-4D6357C8,T-Mobile,2,140,140,5.1,5.1,230,230,CommScope SBNHH-1D65C,CommScope SBNHH-1D65C,2024-10-07,2025-03-25,none,False
CC-TWR-874524,TL-0F890504,T-Mobile,1,135,135,2.4,2.4,247,247,Ericsson AIR 6449 B41,Ericsson AIR 6449 B41,2024-11-10,2025-02-05,none,False
CC-TWR-874524,TL-53CE4970,T-Mobile,2,222,222,3.7,3.7,313,313,Ericsson AIR 6449 B41,Ericsson AIR 6449 B41,2024-02-18,2025-01-28,none,False
CC-TWR-234443,TL-55461279,T-Mobile,4,129,129,7.5,7.5,85,85,Ericsson AIR 6449 B41,Ericsson AIR 6449 B41,2024-08-30,2025-03-16,none,False
CC-TWR-234443,TL-BD6062AD,DISH Wireless,3,261,261,7.9,7.9,200,200,Nokia AAHQA,Nokia AAHQA,2024-10-08,2025-02-13,mount_conflict,False
CC-TWR-827143,TL-8AEFB21B,AT&T,3,203,203,3.8,6.5,155,155,Ericsson AIR 6449,Ericsson AIR 6449,2024-11-26,2025-03-12,tilt_deviation,True
CC-TWR-827143,TL-67BD452A,T-Mobile,1,199,199,7.7,7.7,238,238,CommScope SBNHH-1D65C,CommScope SBNHH-1D65C,2024-08-13,2025-02-23,none,False
CC-TWR-827143,TL-5F0D2546,Verizon,3,180,180,6.9,6.9,337,337,CommScope FFHH-65C-R3-V2,CommScope FFHH-65C-R3-V2,2024-05-10,2025-03-24,none,False
CC-TWR-908554,TL-36DE10A3,AT&T,3,188,188,4.4,4.4,281,281,Nokia AirScale ABIA,Nokia AirScale ABIA,2024-03-06,2025-01-25,none,False
CC-TWR-208751,TL-A7C0AC4B,Verizon,2,118,118,5.0,5.0,233,233,CommScope FFHH-65C-R3-V2,CommScope FFHH-65C-R3-V2,2024-03-23,2025-01-21,none,False
CC-TWR-208751,TL-B9834D84,AT&T,3,89,89,3.9,3.9,90,90,Nokia AirScale ABIA,Nokia AirScale ABIA,2024-12-11,2025-03-05,none,False
CC-TWR-594580,TL-DA83EC04,DISH Wireless,2,194,194,6.3,6.3,25,25,Nokia AAHQA,Nokia AAHQA,2024-12-31,2025-03-18,none,False
CC-TWR-770872,TL-F74F35C3,Verizon,1,218,218,6.5,6.5,219,219,Ericsson AIR 3246,Ericsson AIR 3246,2024-09-25,2025-01-21,none,False
CC-TWR-770872,TL-631602A4,Verizon,3,139,139,6.5,6.5,2,2,CommScope FFHH-65C-R3-V2,CommScope FFHH-65C-R3-V2,2024-01-23,2025-03-25,none,False
CC-TWR-770872,TL-4E542C97,T-Mobile,1,221,221,4.1,4.1,347,347,Nokia AAFIA,Nokia AAFIA,2024-05-01,2025-03-04,none,False
CC-TWR-770872,TL-B52D07AD,Verizon,3,150,150,2.7,2.7,48,48,Samsung MT6407,Samsung MT6407,2024-05-25,2025-02-17,none,False
CC-TWR-986438,TL-ED4B43E4,T-Mobile,4,131,131,2.8,2.8,36,36,Ericsson AIR 6449 B41,Ericsson AIR 6449 B41,2024-04-07,2025-03-13,none,False
CC-TWR-986438,TL-5E6037B0,Verizon,2,148,148,5.7,5.7,219,219,Ericsson AIR 3246,Ericsson AIR 3246,2024-01-15,2025-03-08,none,False
CC-TWR-986438,TL-600C2427,Verizon,1,181,181,2.0,2.0,181,181,CommScope FFHH-65C-R3-V2,CommScope FFHH-65C-R3-V2,2024-05-28,2025-02-20,none,False
CC-TWR-863187,TL-B623203D,AT&T,2,137,137,6.3,6.3,202,202,Ericsson AIR 6449,Ericsson AIR 6449,2024-08-14,2025-03-24,none,False
CC-TWR-863187,TL-A4822505,AT&T,2,151,151,7.3,7.3,70,70,CommScope FFHH-65C-R3,CommScope FFHH-65C-R3,2024-01-12,2025-02-23,none,False
CC-TWR-863187,TL-752A2D8B,Verizon,1,105,105,7.4,7.4,160,160,Samsung MT6407,Samsung MT6407,2024-02-24,2025-02-14,none,False
CC-TWR-863187,TL-7F99C9E6,T-Mobile,2,173,164,5.4,5.4,194,194,Nokia AAFIA,Nokia AAFIA,2024-12-05,2025-01-04,height_deviation,True
CC-TWR-862560,TL-59674498,Verizon,2,125,113,6.3,6.3,58,58,Samsung MT6407,Samsung MT6407,2024-02-01,2025-03-23,height_deviation,True
CC-TWR-862560,TL-29FE48F6,AT&T,2,137,137,2.1,2.1,267,267,Nokia AirScale ABIA,Nokia AirScale ABIA,2024-02-22,2025-01-23,none,False
CC-TWR-959972,TL-632A5A46,T-Mobile,3,95,95,6.9,6.9,334,334,Ericsson AIR 6449 B41,Ericsson AIR 6449 B41,2024-09-08,2025-01-22,none,False
CC-TWR-959972,TL-B4A5BA7C,AT&T,2,102,102,2.1,2.1,91,91,CommScope FFHH-65C-R3,CommScope FFHH-65C-R3,2024-01-16,2025-03-15,none,False
CC-TWR-959972,TL-13A8994E,AT&T,2,95,95,3.1,3.1,9,9,CommScope FFHH-65C-R3,CommScope FFHH-65C-R3,2024-01-15,2025-03-20,none,False
CC-TWR-872519,TL-5AF90F1A,AT&T,4,85,85,4.6,4.6,174,174,Ericsson AIR 6449,Ericsson AIR 6449,2024-09-20,2025-03-30,mount_conflict,False
CC-TWR-872519,TL-C2DD2E7B,AT&T,4,66,66,6.4,6.4,75,75,Ericsson AIR 6449,Ericsson AIR 6449,2024-04-01,2025-03-09,none,False
CC-TWR-872519,TL-5D85C3FD,T-Mobile,2,46,46,3.9,3.9,103,103,Nokia AAFIA,Nokia AAFIA,2024-09-19,2025-03-31,none,False
CC-TWR-214975,TL-BC980FC1,T-Mobile,2,90,90,4.3,4.3,323,323,Nokia AAFIA,Nokia AAFIA,2024-04-05,2025-03-31,none,False
CC-TWR-214975,TL-1B1FAB0D,T-Mobile,3,50,50,7.1,7.1,321,321,Nokia AAFIA,Nokia AAFIA,2024-07-29,2025-03-26,none,False
CC-TWR-831514,TL-AD664914,T-Mobile,1,125,125,3.6,3.6,267,267,CommScope SBNHH-1D65C,CommScope SBNHH-1D65C,2024-01-13,2025-03-22,none,False
CC-TWR-831514,TL-23C437AE,DISH Wireless,2,126,126,3.9,3.9,359,359,Nokia AAHQA,Nokia AAHQA,2024-12-21,2025-01-06,none,False
CC-TWR-831514,TL-9B95AF5A,Verizon,1,162,162,5.3,5.3,144,144,CommScope FFHH-65C-R3-V2,CommScope FFHH-65C-R3-V2,2024-08-10,2025-03-06,none,False
CC-TWR-831514,TL-4757FFBC,Verizon,2,137,137,2.9,2.9,329,329,Samsung MT6407,Samsung MT6407,2024-02-06,2025-01-21,none,False
CC-TWR-831514,TL-AF4016EE,AT&T,3,174,174,6.4,6.4,54,54,CommScope FFHH-65C-R3,CommScope FFHH-65C-R3,2024-05-28,2025-03-08,none,False
CC-TWR-749342,TL-8AE4581B,T-Mobile,3,161,161,3.6,3.6,263,263,Ericsson AIR 6449 B41,Ericsson AIR 6449 B41,2024-06-22,2025-01-19,none,False
CC-TWR-749342,TL-CA2D713B,C Spire,1,91,91,2.6,2.6,302,302,Kathrein 80010951,Kathrein 80010951,2024-05-02,2025-03-06,none,False
CC-TWR-961957,TL-86B8DF66,Verizon,3,80,80,6.4,6.4,282,282,Ericsson AIR 3246,Ericsson AIR 3246,2024-04-25,2025-02-12,none,False
CC-TWR-961957,TL-ED176DED,T-Mobile,2,126,126,2.2,2.2,332,332,CommScope SBNHH-1D65C,CommScope SBNHH-1D65C,2024-04-11,2025-02-09,none,False
CC-TWR-665579,TL-5994BDC6,Verizon,2,264,264,3.7,3.7,53,53,CommScope FFHH-65C-R3-V2,CommScope FFHH-65C-R3-V2,2024-01-01,2025-02-06,none,False
CC-TWR-665579,TL-37F063F7,Verizon,3,160,160,4.7,4.7,126,126,Samsung MT6407,Samsung MT6407,2024-03-11,2025-01-19,none,False
CC-TWR-311741,TL-51C4E87F,T-Mobile,3,191,191,6.1,6.1,272,272,Nokia AAFIA,Nokia AAFIA,2024-01-16,2025-02-24,none,False
CC-TWR-825309,TL-BAB74B62,T-Mobile,1,167,167,3.9,3.9,70,70,CommScope SBNHH-1D65C,CommScope SBNHH-1D65C,2024-08-21,2025-03-16,none,False
CC-TWR-825309,TL-97C476CC,AT&T,1,149,149,5.8,5.8,335,335,CommScope FFHH-65C-R3,CommScope FFHH-65C-R3,2024-07-01,2025-01-06,none,False
CC-TWR-825309,TL-444A5979,Verizon,2,107,107,3.2,3.2,309,309,Ericsson AIR 3246,Ericsson AIR 3246,2024-02-20,2025-01-12,none,False
CC-TWR-550418,TL-77CC80DA,T-Mobile,2,158,146,3.5,3.5,178,178,Ericsson AIR 6449 B41,Ericsson AIR 6449 B41,2024-10-09,2025-01-28,height_deviation,True
CC-TWR-550418,TL-BD2189DD,AT&T,1,144,144,7.5,7.5,324,324,Nokia AirScale ABIA,Nokia AirScale ABIA,2024-07-20,2025-02-03,none,False
CC-TWR-550418,TL-F8CFB973,AT&T,2,178,178,2.8,2.8,117,117,CommScope FFHH-65C-R3,CommScope FFHH-65C-R3,2024-03-15,2025-01-20,none,False
CC-TWR-990649,TL-08CAD015,AT&T,4,163,163,4.9,4.9,149,161,Nokia AirScale ABIA,Nokia AirScale ABIA,2024-06-22,2025-02-27,azimuth_rotation,True
CC-TWR-990649,TL-0F9C82BD,T-Mobile,1,188,188,7.2,7.2,197,197,Nokia AAFIA,Nokia AAFIA,2024-11-29,2025-03-29,none,False
CC-TWR-990649,TL-69FE8377,AT&T,1,148,148,5.8,5.8,183,183,CommScope FFHH-65C-R3,CommScope FFHH-65C-R3,2024-01-19,2025-03-06,none,False
CC-TWR-990649,TL-62860494,T-Mobile,3,193,193,2.2,2.2,219,219,CommScope SBNHH-1D65C,CommScope SBNHH-1D65C,2024-08-12,2025-01-01,none,False
CC-TWR-251275,TL-DBD207F2,T-Mobile,2,78,78,6.6,6.6,245,265,CommScope SBNHH-1D65C,CommScope SBNHH-1D65C,2024-09-25,2025-02-23,azimuth_rotation,True
CC-TWR-251275,TL-F7ED6E10,US Cellular,2,95,95,6.5,6.5,74,74,CommScope NHH-65C-R2B,CommScope NHH-65C-R2B,2024-04-30,2025-02-12,none,False
CC-TWR-251275,TL-C0BBFAF2,Verizon,1,114,114,5.1,5.1,58,58,Ericsson AIR 3246,Ericsson AIR 3246,2024-07-10,2025-03-29,none,False
CC-TWR-251275,TL-BA0D9986,T-Mobile,1,97,97,3.8,3.8,332,332,CommScope SBNHH-1D65C,CommScope SBNHH-1D65C,2024-10-28,2025-02-10,none,False
CC-TWR-251275,TL-F0EA5256,Verizon,1,70,70,4.8,4.8,298,298,CommScope FFHH-65C-R3-V2,CommScope FFHH-65C-R3-V2,2024-06-21,2025-02-05,none,False
CC-TWR-750810,TL-BC883326,T-Mobile,1,186,186,7.0,7.0,300,300,Ericsson AIR 6449 B41,Ericsson AIR 6449 B41,2024-08-03,2025-01-16,none,False
CC-TWR-750810,TL-C70594F2,US Cellular,2,248,248,6.9,6.9,213,213,CommScope NHH-65C-R2B,CommScope NHH-65C-R2B,2024-12-22,2025-01-06,none,False
CC-TWR-890170,TL-A372CA8D,AT&T,3,60,60,6.9,6.9,165,165,Ericsson AIR 6449,Ericsson AIR 6449,2024-03-23,2025-01-12,none,False
CC-TWR-890170,TL-5A985A3F,T-Mobile,4,83,83,5.0,5.0,173,173,Ericsson AIR 6449 B41,Ericsson AIR 6449 B41,2024-05-19,2025-03-08,none,False
CC-TWR-957915,TL-7605E8EF,T-Mobile,3,78,78,6.7,9.3,252,252,CommScope SBNHH-1D65C,CommScope SBNHH-1D65C,2024-09-25,2025-02-26,tilt_deviation,True
CC-TWR-957915,TL-7907A150,AT&T,3,66,66,4.8,4.8,139,139,Ericsson AIR 6449,Ericsson AIR 6449,2024-11-01,2025-03-02,none,False
CC-TWR-907788,TL-1E903859,Verizon,1,79,79,4.7,4.7,191,191,Samsung MT6407,Samsung MT6407,2024-03-23,2025-03-20,none,False
CC-TWR-907788,TL-DA8C0E6F,Verizon,2,66,66,2.6,5.5,310,310,CommScope FFHH-65C-R3-V2,CommScope FFHH-65C-R3-V2,2024-01-06,2025-01-30,tilt_deviation,True
CC-TWR-907788,TL-E284879C,AT&T,3,79,79,6.8,6.8,161,161,Ericsson AIR 6449,Ericsson AIR 6449,2024-11-30,2025-01-03,none,False
CC-TWR-302127,TL-BDF683CD,US Cellular,3,228,228,2.6,2.6,153,153,CommScope NHH-65C-R2B,CommScope NHH-65C-R2B,2024-03-21,2025-02-12,none,False
CC-TWR-550081,TL-CB5FDB16,C Spire,1,239,239,6.5,6.5,161,161,CommScope NHH-45C-R1A,CommScope NHH-45C-R1A,2024-12-06,2025-01-29,none,False
CC-TWR-550081,TL-76CBC626,US Cellular,2,138,138,7.8,7.8,229,229,Andrew DBXLH-6565C-VTM,Andrew DBXLH-6565C-VTM,2024-01-28,2025-01-03,none,False
CC-TWR-550081,TL-5F7A645F,C Spire,1,257,257,3.2,3.2,158,158,Kathrein 80010951,Kathrein 80010951,2024-05-30,2025-01-07,none,False
CC-TWR-861319,TL-2865D276,T-Mobile,2,73,73,7.0,7.0,23,23,Nokia AAFIA,Nokia AAFIA,2024-08-07,2025-02-02,none,False
CC-TWR-117711,TL-F795D630,T-Mobile,1,110,110,4.9,4.9,147,147,CommScope SBNHH-1D65C,CommScope SBNHH-1D65C,2024-07-21,2025-02-09,none,False
CC-TWR-117711,TL-BF4765EF,AT&T,1,176,176,5.9,5.9,296,296,Nokia AirScale ABIA,Nokia AirScale ABIA,2024-02-26,2025-02-15,none,False
CC-TWR-672547,TL-2630A8C8,T-Mobile,2,109,109,7.4,7.4,42,42,Ericsson AIR 6449 B41,Ericsson AIR 6449 B41,2024-08-04,2025-02-19,none,False
CC-TWR-672547,TL-DA57B27C,Verizon,1,146,146,4.3,4.3,299,299,CommScope FFHH-65C-R3-V2,CommScope FFHH-65C-R3-V2,2024-09-13,2025-02-08,none,False
CC-TWR-479430,TL-C735CD76,AT&T,1,49,49,5.4,5.4,153,153,Ericsson AIR 6449,Ericsson AIR 6449,2024-12-21,2025-02-16,none,False
CC-TWR-479430,TL-0874C9F2,AT&T,1,62,62,4.8,7.8,90,90,Nokia AirScale ABIA,Nokia AirScale ABIA,2024-03-31,2025-01-15,tilt_deviation,True
CC-TWR-965401,TL-A2A52B85,AT&T,3,215,215,5.2,5.2,262,262,Ericsson AIR 6449,Ericsson AIR 6449,2024-02-14,2025-01-19,none,False
CC-TWR-965401,TL-0CA8E850,T-Mobile,1,229,220,2.1,2.1,319,319,CommScope SBNHH-1D65C,CommScope SBNHH-1D65C,2024-04-04,2025-03-07,height_deviation,True
CC-TWR-965401,TL-65451F2C,Verizon,2,197,197,3.4,3.4,325,325,CommScope FFHH-65C-R3-V2,CommScope FFHH-65C-R3-V2,2024-06-24,2025-01-24,none,False
CC-TWR-990856,TL-8B0BB333,T-Mobile,4,154,154,7.9,7.9,84,84,CommScope SBNHH-1D65C,CommScope SBNHH-1D65C,2024-02-05,2025-01-27,none,False
CC-TWR-941814,TL-719D6B44,AT&T,2,233,233,5.5,5.5,206,206,CommScope FFHH-65C-R3,CommScope FFHH-65C-R3,2024-07-06,2025-03-10,none,False
CC-TWR-941814,TL-3B783E51,Verizon,2,241,241,3.6,3.6,300,300,Ericsson AIR 3246,Ericsson AIR 3246,2024-10-04,2025-02-12,none,False
CC-TWR-996840,TL-E08AD00F,AT&T,1,42,42,3.3,3.3,87,87,Ericsson AIR 6449,Ericsson AIR 6449,2024-01-11,2025-03-05,none,False
CC-TWR-996840,TL-542FBF0F,Verizon,1,80,80,4.9,9.3,308,308,Ericsson AIR 3246,Ericsson AIR 3246,2024-09-20,2025-02-27,tilt_deviation,True
CC-TWR-996840,TL-4A57FA65,T-Mobile,2,85,85,3.2,3.2,194,194,Ericsson AIR 6449 B41,Ericsson AIR 6449 B41,2024-03-07,2025-01-02,none,False
CC-TWR-343118,TL-DB211205,Verizon,1,258,258,3.4,3.4,255,255,CommScope FFHH-65C-R3-V2,CommScope FFHH-65C-R3-V2,2024-04-20,2025-03-01,none,False
CC-TWR-343118,TL-2F4C8B5F,T-Mobile,3,160,160,6.3,6.3,266,266,Nokia AAFIA,Nokia AAFIA,2024-03-13,2025-02-07,none,False
CC-TWR-905819,TL-A0473C39,Verizon,2,45,45,2.9,2.9,223,223,CommScope FFHH-65C-R3-V2,CommScope FFHH-65C-R3-V2,2024-08-19,2025-02-09,none,False
CC-TWR-776604,TL-E61BE301,AT&T,1,111,111,5.5,5.5,163,163,CommScope FFHH-65C-R3,CommScope FFHH-65C-R3,2024-01-06,2025-03-18,none,False
CC-TWR-776604,TL-63B44842,Verizon,4,60,60,2.5,2.5,306,306,Ericsson AIR 3246,Ericsson AIR 3246,2024-10-08,2025-02-22,none,False
CC-TWR-863611,TL-B2CDC190,AT&T,1,80,80,5.1,5.1,95,95,Ericsson AIR 6449,Ericsson AIR 6449,2024-05-19,2025-01-14,none,False
CC-TWR-863611,TL-D38D1FC5,T-Mobile,2,50,50,4.0,4.0,270,270,CommScope SBNHH-1D65C,CommScope SBNHH-1D65C,2024-01-12,2025-03-22,none,False
CC-TWR-863611,TL-E02337BF,AT&T,1,50,50,4.4,4.4,290,290,CommScope FFHH-65C-R3,CommScope FFHH-65C-R3,2024-01-12,2025-01-24,none,False
CC-TWR-896456,TL-431A191D,DISH Wireless,1,205,205,7.1,7.1,234,234,Nokia AAHQA,Nokia AAHQA,2024-10-06,2025-03-20,none,False
CC-TWR-896456,TL-B262A3D4,AT&T,2,253,253,2.7,2.7,239,239,Nokia AirScale ABIA,Nokia AirScale ABIA,2024-11-27,2025-01-04,none,False
CC-TWR-240718,TL-A5AEABAC,US Cellular,1,157,157,7.2,7.2,178,178,CommScope NHH-65C-R2B,CommScope NHH-65C-R2B,2024-12-27,2025-01-25,none,False
CC-TWR-971084,TL-07EAAECD,C Spire,2,62,62,7.0,7.0,11,11,Kathrein 80010951,Kathrein 80010951,2024-05-24,2025-02-17,mount_conflict,False
CC-TWR-971084,TL-277381B6,T-Mobile,3,60,60,3.3,3.3,81,81,CommScope SBNHH-1D65C,CommScope SBNHH-1D65C,2024-04-23,2025-01-29,none,False
CC-TWR-971084,TL-899AF0E6,C Spire,2,49,49,2.8,7.1,173,173,Kathrein 80010951,Kathrein 80010951,2024-12-30,2025-01-06,tilt_deviation,True
CC-TWR-977345,TL-9940076B,AT&T,3,178,178,2.4,2.4,232,232,Ericsson AIR 6449,Ericsson AIR 6449,2024-11-11,2025-01-04,none,False
CC-TWR-977345,TL-52F36FCD,Verizon,3,178,178,4.8,4.8,109,109,Samsung MT6407,Ericsson AIR 3246,2024-11-30,2025-02-21,model_mismatch,False
CC-TWR-778636,TL-B343E163,Verizon,1,110,110,2.8,2.8,207,207,Samsung MT6407,Samsung MT6407,2024-11-06,2025-02-14,none,False
CC-TWR-778636,TL-20EA1AF9,T-Mobile,1,106,106,3.0,3.0,65,65,Nokia AAFIA,Nokia AAFIA,2024-07-10,2025-02-22,none,False
CC-TWR-778636,TL-9B41EC68,T-Mobile,1,66,66,3.8,3.8,49,49,Ericsson AIR 6449 B41,Ericsson AIR 6449 B41,2024-01-28,2025-02-03,none,False
CC-TWR-478638,TL-7DA7B0ED,DISH Wireless,3,166,166,4.8,4.8,199,199,Ericsson AIR 3219,Ericsson AIR 3219,2024-10-06,2025-01-03,none,False
CC-TWR-782141,TL-E43D9860,Verizon,2,198,198,5.2,8.8,27,27,CommScope FFHH-65C-R3-V2,CommScope FFHH-65C-R3-V2,2024-12-26,2025-01-21,tilt_deviation,True
CC-TWR-782141,TL-ABF5E177,DISH Wireless,1,310,310,5.4,5.4,254,254,Nokia AAHQA,Nokia AAHQA,2024-08-04,2025-02-14,none,False
CC-TWR-782141,TL-3D4736D9,T-Mobile,3,309,309,2.5,2.5,45,45,Nokia AAFIA,Nokia AAFIA,2024-10-02,2025-03-10,none,False
CC-TWR-132359,TL-ED400987,Verizon,1,269,269,6.6,6.6,299,299,CommScope FFHH-65C-R3-V2,CommScope FFHH-65C-R3-V2,2024-01-23,2025-02-06,none,False
CC-TWR-132359,TL-21177D77,DISH Wireless,1,143,143,6.7,6.7,44,44,Ericsson AIR 3219,Ericsson AIR 3219,2024-10-19,2025-01-16,none,False
CC-TWR-423939,TL-6E5DF98A,Verizon,2,198,198,3.4,3.4,89,89,CommScope FFHH-65C-R3-V2,CommScope FFHH-65C-R3-V2,2024-02-04,2025-02-06,none,False
CC-TWR-423939,TL-EE83B6F6,T-Mobile,3,294,294,3.7,3.7,333,333,Nokia AAFIA,Nokia AAFIA,2024-01-24,2025-02-15,none,False
CC-TWR-665610,TL-7D38ED72,Verizon,1,133,133,6.3,6.3,186,186,Ericsson AIR 3246,Ericsson AIR 3246,2024-02-18,2025-01-19,none,False
CC-TWR-665610,TL-970D5390,T-Mobile,3,105,105,7.9,7.9,305,305,CommScope SBNHH-1D65C,CommScope SBNHH-1D65C,2024-06-28,2025-01-28,none,False
CC-TWR-665610,TL-5F5B52A9,AT&T,1,132,132,3.5,3.5,282,282,CommScope FFHH-65C-R3,CommScope FFHH-65C-R3,2024-08-25,2025-03-07,none,False
CC-TWR-665610,TL-E23128FA,AT&T,2,129,129,3.0,3.0,251,251,CommScope FFHH-65C-R3,CommScope FFHH-65C-R3,2024-12-12,2025-03-04,none,False
CC-TWR-665610,TL-9174A50E,DISH Wireless,4,94,94,7.1,7.1,32,32,Nokia AAHQA,Nokia AAHQA,2024-06-21,2025-03-14,none,False
CC-TWR-665610,TL-79C62812,C Spire,1,108,108,3.7,3.7,162,162,CommScope NHH-45C-R1A,CommScope NHH-45C-R1A,2024-12-17,2025-02-09,none,False
CC-TWR-959959,TL-A38318F3,T-Mobile,3,253,253,7.6,7.6,182,182,Nokia AAFIA,Nokia AAFIA,2024-05-19,2025-03-23,none,False
CC-TWR-959959,TL-8DF25D70,AT&T,1,166,166,2.6,2.6,236,236,CommScope FFHH-65C-R3,CommScope FFHH-65C-R3,2024-02-16,2025-03-29,none,False
CC-TWR-959959,TL-CFE57A61,AT&T,3,284,284,3.9,3.9,352,352,Nokia AirScale ABIA,Nokia AirScale ABIA,2024-04-14,2025-02-11,none,False
CC-TWR-959959,TL-CB118DF6,DISH Wireless,2,142,142,7.1,7.1,115,115,Nokia AAHQA,Nokia AAHQA,2024-08-27,2025-02-06,none,False
CC-TWR-972565,TL-F2C96201,Verizon,3,66,66,6.5,6.5,108,108,CommScope FFHH-65C-R3-V2,CommScope FFHH-65C-R3-V2,2024-10-22,2025-03-09,none,False
CC-TWR-972565,TL-EBCE0F51,T-Mobile,1,85,85,7.5,7.5,290,290,Ericsson AIR 6449 B41,Ericsson AIR 6449 B41,2024-06-18,2025-02-03,none,False
CC-TWR-466375,TL-68D873A1,Verizon,1,63,63,7.8,7.8,3,3,CommScope FFHH-65C-R3-V2,CommScope FFHH-65C-R3-V2,2024-12-19,2025-01-30,none,False
CC-TWR-466375,TL-906F9E62,T-Mobile,3,120,120,6.7,6.7,75,75,CommScope SBNHH-1D65C,CommScope SBNHH-1D65C,2024-07-10,2025-03-31,none,False
CC-TWR-460572,TL-E3F40993,AT&T,2,182,182,3.3,3.3,55,55,CommScope FFHH-65C-R3,CommScope FFHH-65C-R3,2024-04-12,2025-03-10,none,False
CC-TWR-460572,TL-4F4E35DA,T-Mobile,2,189,189,7.2,7.2,307,307,Ericsson AIR 6449 B41,Ericsson AIR 6449 B41,2024-04-23,2025-02-24,none,False
CC-TWR-480303,TL-0C809D26,Verizon,3,56,56,4.7,4.7,223,223,CommScope FFHH-65C-R3-V2,CommScope FFHH-65C-R3-V2,2024-02-19,2025-03-06,none,False
CC-TWR-480303,TL-E3CF9A0C,T-Mobile,2,69,69,7.3,7.3,15,29,Ericsson AIR 6449 B41,Ericsson AIR 6449 B41,2024-03-31,2025-01-14,azimuth_rotation,True
CC-TWR-480303,TL-C901AE65,T-Mobile,1,102,102,3.1,3.1,329,329,Ericsson AIR 6449 B41,Ericsson AIR 6449 B41,2024-11-20,2025-01-09,none,False
CC-TWR-480303,TL-3B7C1441,T-Mobile,4,75,75,3.3,3.3,208,208,Nokia AAFIA,Nokia AAFIA,2024-08-23,2025-03-11,none,False
CC-TWR-197966,TL-2FA7866A,AT&T,1,190,190,4.2,4.2,300,300,CommScope FFHH-65C-R3,CommScope FFHH-65C-R3,2024-05-25,2025-02-11,none,False
CC-TWR-197966,TL-0EE3E80A,T-Mobile,4,171,171,2.4,2.4,164,186,Nokia AAFIA,Nokia AAFIA,2024-09-18,2025-02-05,azimuth_rotation,True
CC-TWR-197966,TL-36BBD619,DISH Wireless,1,180,180,4.3,4.3,166,166,Ericsson AIR 3219,Ericsson AIR 3219,2024-05-06,2025-03-24,none,False
CC-TWR-857997,TL-795D4716,T-Mobile,3,217,217,2.9,2.9,285,285,CommScope SBNHH-1D65C,CommScope SBNHH-1D65C,2024-03-17,2025-03-04,none,False
CC-TWR-788049,TL-704A4974,Verizon,4,149,137,7.8,7.8,348,348,Samsung MT6407,Samsung MT6407,2024-12-24,2025-02-13,height_deviation,True
CC-TWR-280908,TL-2B367D27,AT&T,3,242,242,3.9,3.9,347,347,Nokia AirScale ABIA,CommScope FFHH-65C-R3,2024-09-04,2025-01-11,model_mismatch,False
CC-TWR-280908,TL-4777D5FC,T-Mobile,1,277,277,7.1,7.1,358,358,CommScope SBNHH-1D65C,CommScope SBNHH-1D65C,2024-02-11,2025-03-01,none,False
CC-TWR-280908,TL-34B915B9,Verizon,4,138,138,2.4,2.4,195,195,Samsung MT6407,Samsung MT6407,2024-04-30,2025-01-21,none,False
CC-TWR-151328,TL-00C17C4E,T-Mobile,2,126,126,3.3,3.3,267,267,CommScope SBNHH-1D65C,Nokia AAFIA,2024-08-03,2025-01-31,model_mismatch,False
CC-TWR-389930,TL-ABC6C614,T-Mobile,1,194,194,2.8,2.8,104,104,CommScope SBNHH-1D65C,CommScope SBNHH-1D65C,2024-07-26,2025-03-18,none,False
CC-TWR-389930,TL-972574E5,T-Mobile,1,159,159,2.2,2.2,161,161,CommScope SBNHH-1D65C,CommScope SBNHH-1D65C,2024-07-21,2025-01-20,none,False
CC-TWR-791567,TL-DF4F5B5A,T-Mobile,2,63,63,5.1,5.1,218,218,Nokia AAFIA,Nokia AAFIA,2024-08-01,2025-03-03,none,False
CC-TWR-791567,TL-D19807B4,AT&T,3,89,89,6.0,6.0,136,136,Ericsson AIR 6449,Ericsson AIR 6449,2024-05-26,2025-03-10,none,False
CC-TWR-791567,TL-9DBE13B8,Verizon,3,92,92,6.1,6.1,37,37,CommScope FFHH-65C-R3-V2,CommScope FFHH-65C-R3-V2,2024-12-27,2025-02-02,none,False
CC-TWR-561477,TL-9CF8AA7A,US Cellular,2,164,164,3.3,3.3,327,327,Andrew DBXLH-6565C-VTM,Andrew DBXLH-6565C-VTM,2024-03-12,2025-03-23,none,False
CC-TWR-561477,TL-98F56730,C Spire,3,130,130,2.0,2.0,182,182,CommScope NHH-45C-R1A,CommScope NHH-45C-R1A,2024-02-18,2025-02-27,none,False
CC-TWR-561477,TL-22E4FBFD,Verizon,2,89,89,2.8,2.8,77,77,Samsung MT6407,Samsung MT6407,2024-11-17,2025-03-30,none,False
CC-TWR-561477,TL-62D8F8A0,Verizon,4,124,124,2.4,2.4,238,238,CommScope FFHH-65C-R3-V2,CommScope FFHH-65C-R3-V2,2024-08-09,2025-01-06,none,False
CC-TWR-561477,TL-51B254FF,AT&T,1,118,118,5.0,5.0,209,209,Ericsson AIR 6449,Ericsson AIR 6449,2024-04-11,2025-03-23,none,False
CC-TWR-213355,TL-3E8EE6CD,T-Mobile,1,203,203,2.2,2.2,25,25,Nokia AAFIA,Nokia AAFIA,2024-04-25,2025-01-04,none,False
CC-TWR-213355,TL-BE2C7942,T-Mobile,2,118,118,5.2,5.2,47,47,Ericsson AIR 6449 B41,Ericsson AIR 6449 B41,2024-05-12,2025-02-03,none,False
CC-TWR-579404,TL-8DF26090,DISH Wireless,1,77,77,5.4,5.4,235,235,Nokia AAHQA,Nokia AAHQA,2024-06-13,2025-03-25,none,False
CC-TWR-579404,TL-6CDD9914,Verizon,3,104,104,6.7,6.7,110,110,Ericsson AIR 3246,Ericsson AIR 3246,2024-09-16,2025-01-11,none,False
CC-TWR-322423,TL-F7B7363C,T-Mobile,3,98,98,5.4,7.6,343,343,Nokia AAFIA,Nokia AAFIA,2024-02-20,2025-02-04,tilt_deviation,True
CC-TWR-322423,TL-B8EC9F67,Verizon,3,113,113,7.2,7.2,98,98,CommScope FFHH-65C-R3-V2,CommScope FFHH-65C-R3-V2,2024-04-11,2025-03-14,none,False
CC-TWR-322423,TL-A800B61F,Verizon,1,77,77,2.2,2.2,280,280,CommScope FFHH-65C-R3-V2,CommScope FFHH-65C-R3-V2,2024-05-04,2025-01-29,none,False
CC-TWR-497562,TL-9A7D9753,T-Mobile,3,146,146,2.6,2.6,350,350,Ericsson AIR 6449 B41,Ericsson AIR 6449 B41,2024-05-06,2025-01-30,none,False
CC-TWR-497562,TL-EC1033BD,US Cellular,1,225,225,6.1,8.8,81,81,CommScope NHH-65C-R2B,CommScope NHH-65C-R2B,2024-03-30,2025-02-11,tilt_deviation,True
CC-TWR-497562,TL-95298213,US Cellular,3,225,225,2.9,2.9,112,112,CommScope NHH-65C-R2B,CommScope NHH-65C-R2B,2024-01-06,2025-03-21,none,False
CC-TWR-871476,TL-86E361CE,AT&T,4,151,151,5.3,5.3,342,342,CommScope FFHH-65C-R3,CommScope FFHH-65C-R3,2024-01-08,2025-03-16,none,False
CC-TWR-211425,TL-3EDB1495,AT&T,4,137,137,7.5,7.5,162,162,Nokia AirScale ABIA,Nokia AirScale ABIA,2024-03-18,2025-02-06,none,False
CC-TWR-288503,TL-1352FCFD,AT&T,2,221,221,7.7,7.7,264,264,Nokia AirScale ABIA,Nokia AirScale ABIA,2024-07-30,2025-03-05,none,False
CC-TWR-288503,TL-D4B51391,AT&T,1,184,179,5.5,5.5,141,141,Ericsson AIR 6449,Ericsson AIR 6449,2024-04-18,2025-01-18,height_deviation,True
CC-TWR-841666,TL-15373B8C,AT&T,2,53,53,3.2,3.2,254,264,Nokia AirScale ABIA,Nokia AirScale ABIA,2024-07-13,2025-01-26,azimuth_rotation,True
CC-TWR-841666,TL-F8A04013,T-Mobile,1,75,75,3.3,3.3,63,63,CommScope SBNHH-1D65C,CommScope SBNHH-1D65C,2024-03-23,2025-01-22,none,False
CC-TWR-502810,TL-D5687B0F,C Spire,3,212,212,4.7,4.7,161,161,Kathrein 80010951,Kathrein 80010951,2024-08-18,2025-01-18,none,False
CC-TWR-502810,TL-A4B71A00,T-Mobile,4,161,161,6.7,6.7,49,49,CommScope SBNHH-1D65C,CommScope SBNHH-1D65C,2024-07-14,2025-03-22,none,False
CC-TWR-154615,TL-C0BAB52A,Verizon,3,130,130,3.1,3.1,145,145,CommScope FFHH-65C-R3-V2,CommScope FFHH-65C-R3-V2,2024-04-25,2025-01-08,none,False
CC-TWR-154615,TL-7D22CADD,Verizon,4,105,105,7.0,7.0,41,41,CommScope FFHH-65C-R3-V2,CommScope FFHH-65C-R3-V2,2024-03-18,2025-03-07,none,False
CC-TWR-579318,TL-EFA1B68F,AT&T,3,72,72,7.0,7.0,80,80,Nokia AirScale ABIA,Nokia AirScale ABIA,2024-06-28,2025-02-03,none,False
CC-TWR-579318,TL-98F56D41,T-Mobile,1,48,48,4.1,4.1,10,10,CommScope SBNHH-1D65C,CommScope SBNHH-1D65C,2024-06-12,2025-01-19,none,False
CC-TWR-827369,TL-E76E938B,Verizon,1,186,186,2.5,2.5,31,31,Ericsson AIR 3246,Ericsson AIR 3246,2024-06-19,2025-02-26,mount_conflict,False
CC-TWR-827369,TL-119E633A,T-Mobile,2,212,212,7.1,7.1,265,265,CommScope SBNHH-1D65C,CommScope SBNHH-1D65C,2024-06-18,2025-01-07,none,False
CC-TWR-888734,TL-907B4F03,AT&T,2,155,155,7.4,7.4,208,208,Nokia AirScale ABIA,Nokia AirScale ABIA,2024-12-24,2025-01-19,none,False
CC-TWR-611945,TL-3D9C302F,C Spire,2,123,123,3.7,6.6,338,338,CommScope NHH-45C-R1A,CommScope NHH-45C-R1A,2024-02-08,2025-03-10,tilt_deviation,True
CC-TWR-611945,TL-4F146853,AT&T,2,99,99,4.1,4.1,153,153,CommScope FFHH-65C-R3,CommScope FFHH-65C-R3,2024-11-21,2025-03-30,none,False
CC-TWR-611945,TL-CC760134,Verizon,3,107,107,6.1,6.1,338,338,Samsung MT6407,Samsung MT6407,2024-04-05,2025-03-28,none,False
CC-TWR-611945,TL-3D76F7CB,DISH Wireless,1,87,87,4.0,7.7,53,53,Nokia AAHQA,Nokia AAHQA,2024-02-07,2025-03-20,tilt_deviation,True
CC-TWR-611945,TL-554468F2,DISH Wireless,1,130,130,7.1,7.1,218,218,Nokia AAHQA,Nokia AAHQA,2024-11-22,2025-03-08,none,False
CC-TWR-387330,TL-AF3C7E2C,Verizon,1,47,47,3.4,3.4,122,122,Samsung MT6407,Samsung MT6407,2024-08-10,2025-03-28,none,False
CC-TWR-829066,TL-DEC98CF1,AT&T,2,111,111,6.9,6.9,304,304,Ericsson AIR 6449,Ericsson AIR 6449,2024-06-21,2025-01-07,none,False
CC-TWR-963333,TL-DF065B84,Verizon,3,225,225,2.6,2.6,239,239,CommScope FFHH-65C-R3-V2,CommScope FFHH-65C-R3-V2,2024-04-21,2025-01-18,none,False
CC-TWR-887443,TL-B1F4E418,US Cellular,1,296,296,4.8,4.8,316,316,CommScope NHH-65C-R2B,CommScope NHH-65C-R2B,2024-10-28,2025-03-18,none,False
CC-TWR-773870,TL-5091223D,Verizon,2,278,278,3.8,3.8,44,44,CommScope FFHH-65C-R3-V2,CommScope FFHH-65C-R3-V2,2024-06-17,2025-03-22,mount_conflict,False
CC-TWR-773870,TL-F3DFE28E,AT&T,3,156,156,3.8,3.8,345,345,Ericsson AIR 6449,Ericsson AIR 6449,2024-04-20,2025-02-22,none,False
CC-TWR-773870,TL-CA7055DA,T-Mobile,1,206,206,4.8,4.8,146,146,CommScope SBNHH-1D65C,CommScope SBNHH-1D65C,2024-08-20,2025-02-02,none,False
CC-TWR-560959,TL-A6A58AE4,Verizon,2,148,148,6.4,6.4,188,188,CommScope FFHH-65C-R3-V2,CommScope FFHH-65C-R3-V2,2024-08-20,2025-02-26,mount_conflict,False
CC-TWR-560959,TL-EFBF8698,Verizon,3,161,161,5.7,5.7,260,260,Samsung MT6407,Samsung MT6407,2024-04-18,2025-01-15,none,False
CC-TWR-753534,TL-266840F0,T-Mobile,1,187,187,3.1,3.1,161,161,Ericsson AIR 6449 B41,Ericsson AIR 6449 B41,2024-05-25,2025-01-19,none,False
CC-TWR-132653,TL-E8855FE9,AT&T,4,91,91,5.9,5.9,236,236,Nokia AirScale ABIA,Nokia AirScale ABIA,2024-05-24,2025-01-12,none,False
CC-TWR-132653,TL-5853493A,AT&T,1,92,92,7.1,7.1,110,110,Ericsson AIR 6449,Ericsson AIR 6449,2024-12-17,2025-02-02,none,False
CC-TWR-582662,TL-4F819E08,DISH Wireless,2,131,131,3.1,3.1,245,245,Ericsson AIR 3219,Ericsson AIR 3219,2024-01-17,2025-01-06,none,False
CC-TWR-558339,TL-FAF05EF6,T-Mobile,1,167,167,5.5,5.5,235,235,Ericsson AIR 6449 B41,Ericsson AIR 6449 B41,2024-04-14,2025-01-04,none,False
CC-TWR-701253,TL-CBCC681D,C Spire,2,142,142,2.5,2.5,154,154,CommScope NHH-45C-R1A,CommScope NHH-45C-R1A,2024-06-01,2025-03-24,none,False
CC-TWR-493663,TL-9ADE17D3,Verizon,2,168,168,6.9,6.9,222,222,Samsung MT6407,Samsung MT6407,2024-06-10,2025-01-26,none,False
CC-TWR-493663,TL-601A6DB3,DISH Wireless,1,123,123,6.6,6.6,151,151,Ericsson AIR 3219,Ericsson AIR 3219,2024-12-21,2025-01-11,none,False
CC-TWR-493663,TL-71190EA8,T-Mobile,3,132,132,5.7,5.7,70,70,Nokia AAFIA,Nokia AAFIA,2024-11-23,2025-01-25,none,False
CC-TWR-493663,TL-22022992,Verizon,4,165,165,7.2,7.2,170,170,Ericsson AIR 3246,Ericsson AIR 3246,2024-08-27,2025-02-21,none,False
CC-TWR-823846,TL-4943229E,US Cellular,2,72,72,4.0,4.0,46,46,Andrew DBXLH-6565C-VTM,Andrew DBXLH-6565C-VTM,2024-06-21,2025-02-24,none,False
CC-TWR-823846,TL-02964DEC,AT&T,2,107,107,7.0,7.0,268,268,Ericsson AIR 6449,Ericsson AIR 6449,2024-07-26,2025-02-19,none,False
CC-TWR-823846,TL-FC4CCC37,AT&T,1,102,102,7.9,7.9,232,232,Ericsson AIR 6449,Ericsson AIR 6449,2024-10-12,2025-02-26,none,False
CC-TWR-644719,TL-FBDA8CD1,Verizon,1,80,80,6.0,6.0,206,206,Samsung MT6407,Samsung MT6407,2024-05-29,2025-02-03,none,False
CC-TWR-644719,TL-8AF1F6D4,Verizon,2,89,89,8.0,8.0,175,175,Samsung MT6407,Samsung MT6407,2024-09-15,2025-03-12,none,False
CC-TWR-397809,TL-4D847ECB,Verizon,2,67,67,6.9,6.9,108,108,Samsung MT6407,Samsung MT6407,2024-06-15,2025-01-29,none,False
CC-TWR-397809,TL-271ABD1A,Verizon,3,57,57,7.8,7.8,29,29,Ericsson AIR 3246,Ericsson AIR 3246,2024-03-10,2025-03-02,none,False
CC-TWR-478356,TL-EF2F5EFE,T-Mobile,2,45,45,2.0,2.0,187,187,CommScope SBNHH-1D65C,CommScope SBNHH-1D65C,2024-09-19,2025-01-22,none,False
CC-TWR-478356,TL-4ADE9026,Verizon,2,54,54,4.1,8.5,211,211,CommScope FFHH-65C-R3-V2,CommScope FFHH-65C-R3-V2,2024-05-06,2025-01-14,tilt_deviation,True
CC-TWR-915573,TL-29AF5303,T-Mobile,1,272,272,2.9,2.9,202,202,Ericsson AIR 6449 B41,Ericsson AIR 6449 B41,2024-01-25,2025-01-22,none,False
CC-TWR-915573,TL-1F958B5F,AT&T,3,192,192,3.7,3.7,139,139,Nokia AirScale ABIA,Nokia AirScale ABIA,2024-06-18,2025-01-07,none,False
CC-TWR-211486,TL-65696B13,T-Mobile,2,66,66,6.8,6.8,241,241,CommScope SBNHH-1D65C,CommScope SBNHH-1D65C,2024-06-02,2025-02-19,none,False
CC-TWR-312616,TL-DD484D62,DISH Wireless,1,277,277,6.9,6.9,180,180,Nokia AAHQA,Nokia AAHQA,2024-04-30,2025-01-27,none,False
CC-TWR-985893,TL-566A3F5E,Verizon,3,114,114,5.6,5.6,287,287,Ericsson AIR 3246,Ericsson AIR 3246,2024-02-10,2025-02-21,none,False
CC-TWR-985893,TL-0C8095BC,Verizon,1,170,170,3.1,3.1,0,0,CommScope FFHH-65C-R3-V2,CommScope FFHH-65C-R3-V2,2024-10-25,2025-03-04,none,False
CC-TWR-726111,TL-53B804C0,T-Mobile,3,120,120,7.5,7.5,310,310,Ericsson AIR 6449 B41,Ericsson AIR 6449 B41,2024-12-26,2025-02-21,none,False
CC-TWR-934042,TL-3878A041,T-Mobile,1,288,288,5.8,5.8,311,311,Ericsson AIR 6449 B41,Ericsson AIR 6449 B41,2024-09-21,2025-03-10,none,False
CC-TWR-934042,TL-8E2A0ED0,T-Mobile,3,234,234,3.8,3.8,345,345,Nokia AAFIA,Nokia AAFIA,2024-04-13,2025-01-27,none,False
CC-TWR-934042,TL-D5AA32DD,AT&T,1,261,261,6.0,6.0,337,337,CommScope FFHH-65C-R3,CommScope FFHH-65C-R3,2024-03-03,2025-03-21,none,False
CC-TWR-766275,TL-94E94193,Verizon,2,54,54,3.3,7.5,0,0,Samsung MT6407,Samsung MT6407,2024-01-15,2025-01-28,tilt_deviation,True
CC-TWR-766275,TL-FF17B3A6,AT&T,3,68,68,4.5,4.5,351,7,Ericsson AIR 6449,Ericsson AIR 6449,2024-01-26,2025-02-01,azimuth_rotation,True
CC-TWR-398761,TL-7B7404BA,AT&T,3,172,172,3.7,3.7,49,49,CommScope FFHH-65C-R3,CommScope FFHH-65C-R3,2024-02-01,2025-02-16,none,False
CC-TWR-398761,TL-E2C6ECE3,Verizon,1,274,274,5.6,5.6,21,21,Samsung MT6407,Samsung MT6407,2024-11-04,2025-03-17,none,False
CC-TWR-358207,TL-8CE01FA8,AT&T,2,81,81,2.0,2.0,274,274,Nokia AirScale ABIA,Nokia AirScale ABIA,2024-01-11,2025-01-24,none,False
CC-TWR-358207,TL-0DDEFAC7,T-Mobile,2,132,132,5.8,5.8,140,140,Ericsson AIR 6449 B41,Ericsson AIR 6449 B41,2024-06-11,2025-02-27,none,False
CC-TWR-990598,TL-EE6AA636,T-Mobile,1,127,127,3.0,3.0,348,1,Ericsson AIR 6449 B41,Ericsson AIR 6449 B41,2024-01-22,2025-02-17,azimuth_rotation,True
CC-TWR-990598,TL-A6172B21,AT&T,2,87,87,2.3,2.3,232,232,Ericsson AIR 6449,Ericsson AIR 6449,2024-04-25,2025-01-24,none,False
CC-TWR-990598,TL-0D8B6B37,Verizon,3,75,75,7.7,7.7,146,146,CommScope FFHH-65C-R3-V2,CommScope FFHH-65C-R3-V2,2024-02-27,2025-03-08,none,False
CC-TWR-483041,TL-19EAEF37,C Spire,2,230,230,6.8,6.8,351,351,Kathrein 80010951,Kathrein 80010951,2024-06-24,2025-02-18,none,False
CC-TWR-483041,TL-2F83AC99,T-Mobile,2,110,110,2.9,2.9,84,84,CommScope SBNHH-1D65C,Nokia AAFIA,2024-12-21,2025-01-27,model_mismatch,False
CC-TWR-156213,TL-A42F0172,AT&T,1,59,59,4.9,4.9,132,132,CommScope FFHH-65C-R3,CommScope FFHH-65C-R3,2024-04-25,2025-01-22,none,False
CC-TWR-156213,TL-FC7FBBC9,AT&T,2,105,105,2.9,2.9,336,336,CommScope FFHH-65C-R3,CommScope FFHH-65C-R3,2024-01-23,2025-02-01,none,False
CC-TWR-727354,TL-F7DA996D,Verizon,2,217,217,2.7,2.7,52,52,Samsung MT6407,Samsung MT6407,2024-04-29,2025-03-12,none,False
CC-TWR-575435,TL-409F897A,AT&T,2,220,220,7.1,7.1,203,203,Nokia AirScale ABIA,Nokia AirScale ABIA,2024-04-08,2025-02-14,none,False
CC-TWR-575435,TL-691B6C0E,AT&T,1,160,160,3.3,3.3,179,179,Nokia AirScale ABIA,Nokia AirScale ABIA,2024-06-01,2025-03-30,none,False
CC-TWR-930117,TL-B2F90E3A,T-Mobile,3,149,149,7.6,7.6,114,114,Ericsson AIR 6449 B41,Ericsson AIR 6449 B41,2024-08-01,2025-01-29,none,False
CC-TWR-930117,TL-FB3C00D3,Verizon,1,118,118,3.7,3.7,11,11,Samsung MT6407,Samsung MT6407,2024-12-21,2025-02-19,none,False
CC-TWR-922157,TL-37B6920B,T-Mobile,3,213,213,2.1,2.1,12,12,Nokia AAFIA,Nokia AAFIA,2024-06-08,2025-01-26,none,False
CC-TWR-922157,TL-B61160CE,C Spire,2,163,163,3.5,3.5,246,246,Kathrein 80010951,Kathrein 80010951,2024-08-03,2025-03-14,none,False
CC-TWR-502491,TL-5D436E91,T-Mobile,2,238,238,7.3,7.3,41,41,CommScope SBNHH-1D65C,CommScope SBNHH-1D65C,2024-03-10,2025-01-19,none,False
CC-TWR-502491,TL-01B5765D,Verizon,3,198,198,7.8,7.8,141,141,Ericsson AIR 3246,Ericsson AIR 3246,2024-09-09,2025-01-30,none,False
CC-TWR-626560,TL-5C347C52,US Cellular,2,62,62,6.6,6.6,155,155,CommScope NHH-65C-R2B,CommScope NHH-65C-R2B,2024-09-11,2025-02-15,none,False
CC-TWR-950823,TL-9E99B7A4,Verizon,3,138,138,6.8,11.6,42,42,Samsung MT6407,Samsung MT6407,2024-04-20,2025-02-05,tilt_deviation,True
CC-TWR-237962,TL-543E2CE9,T-Mobile,2,68,68,4.3,4.3,202,202,Nokia AAFIA,Nokia AAFIA,2024-09-14,2025-02-27,none,False
CC-TWR-237962,TL-C8278627,AT&T,3,119,119,2.4,5.8,265,265,Ericsson AIR 6449,Ericsson AIR 6449,2024-03-27,2025-03-09,tilt_deviation,True
CC-TWR-237962,TL-E38D7D82,Verizon,3,69,69,6.1,6.1,102,102,Samsung MT6407,Samsung MT6407,2024-07-13,2025-01-10,none,False
CC-TWR-694916,TL-54927E95,AT&T,2,68,68,3.3,3.3,279,294,Ericsson AIR 6449,Ericsson AIR 6449,2024-12-02,2025-02-03,azimuth_rotation,True
CC-TWR-694916,TL-47DBA27B,T-Mobile,1,95,95,6.3,6.3,104,104,CommScope SBNHH-1D65C,CommScope SBNHH-1D65C,2024-02-09,2025-02-03,none,False
CC-TWR-936433,TL-1901E171,Verizon,4,109,109,2.6,2.6,85,85,Samsung MT6407,Samsung MT6407,2024-01-28,2025-03-09,none,False
CC-TWR-711046,TL-B36DA67D,T-Mobile,1,219,219,5.0,5.0,231,231,CommScope SBNHH-1D65C,CommScope SBNHH-1D65C,2024-08-30,2025-01-01,none,False
CC-TWR-711046,TL-478A9D4F,Verizon,2,130,130,3.9,3.9,191,191,Samsung MT6407,Samsung MT6407,2024-10-05,2025-03-03,none,False
CC-TWR-291961,TL-45D6860F,Verizon,2,140,140,5.8,5.8,354,354,Ericsson AIR 3246,Ericsson AIR 3246,2024-07-24,2025-03-15,none,False
CC-TWR-291961,TL-412DE865,T-Mobile,4,152,152,7.1,7.1,305,305,Ericsson AIR 6449 B41,Ericsson AIR 6449 B41,2024-08-10,2025-02-22,none,False
CC-TWR-291961,TL-0BD4CEF2,AT&T,3,263,263,6.5,6.5,15,15,Ericsson AIR 6449,Ericsson AIR 6449,2024-06-13,2025-03-01,none,False
CC-TWR-946561,TL-F369C55A,AT&T,3,83,83,8.0,8.0,325,325,Ericsson AIR 6449,Ericsson AIR 6449,2024-10-17,2025-01-20,none,False
CC-TWR-946561,TL-0AF6D73B,Verizon,1,41,41,4.1,7.2,316,316,CommScope FFHH-65C-R3-V2,CommScope FFHH-65C-R3-V2,2024-07-22,2025-03-25,tilt_deviation,True
CC-TWR-902784,TL-DE22B43B,Verizon,4,232,232,2.4,2.4,269,269,Samsung MT6407,Samsung MT6407,2024-08-03,2025-03-31,none,False
CC-TWR-902784,TL-45886BD0,AT&T,2,121,121,7.1,7.1,209,209,CommScope FFHH-65C-R3,CommScope FFHH-65C-R3,2024-02-29,2025-02-24,none,False
CC-TWR-902784,TL-6A151F44,Verizon,3,238,238,3.1,3.1,242,242,Samsung MT6407,Samsung MT6407,2024-09-10,2025-02-27,none,False
CC-TWR-426711,TL-B9764970,T-Mobile,2,209,209,5.2,5.2,268,268,Ericsson AIR 6449 B41,Ericsson AIR 6449 B41,2024-07-20,2025-01-20,none,False
CC-TWR-426711,TL-FCE89E39,C Spire,3,178,178,4.2,4.2,207,207,Kathrein 80010951,Kathrein 80010951,2024-09-21,2025-02-03,none,False
CC-TWR-660081,TL-E73D1257,Verizon,2,109,109,6.6,6.6,171,171,CommScope FFHH-65C-R3-V2,CommScope FFHH-65C-R3-V2,2024-08-07,2025-02-07,none,False
CC-TWR-586288,TL-65A3FC28,T-Mobile,1,48,34,4.8,4.8,152,152,CommScope SBNHH-1D65C,CommScope SBNHH-1D65C,2024-02-27,2025-01-20,height_deviation,True
CC-TWR-372315,TL-18236F65,T-Mobile,3,115,115,4.2,4.2,288,288,Ericsson AIR 6449 B41,Ericsson AIR 6449 B41,2024-06-29,2025-03-31,none,False
CC-TWR-372315,TL-76D44540,Verizon,4,105,105,5.5,5.5,176,176,Samsung MT6407,Samsung MT6407,2024-09-08,2025-02-04,none,False
CC-TWR-555589,TL-1E23D2E5,DISH Wireless,3,51,51,5.4,5.4,40,40,Nokia AAHQA,Nokia AAHQA,2024-05-06,2025-03-02,none,False
CC-TWR-448354,TL-89479432,AT&T,3,192,192,4.9,8.7,103,103,Nokia AirScale ABIA,Nokia AirScale ABIA,2024-09-18,2025-01-02,tilt_deviation,True
CC-TWR-198867,TL-5E207D11,DISH Wireless,3,79,79,3.1,3.1,252,252,Ericsson AIR 3219,Ericsson AIR 3219,2024-06-17,2025-01-19,none,False
CC-TWR-830302,TL-ED21A11F,T-Mobile,2,128,128,4.2,4.2,263,263,Nokia AAFIA,Nokia AAFIA,2024-06-18,2025-03-16,none,False
CC-TWR-830302,TL-AD0C95B5,Verizon,2,136,136,2.7,2.7,275,275,CommScope FFHH-65C-R3-V2,CommScope FFHH-65C-R3-V2,2024-06-23,2025-03-30,none,False
CC-TWR-830302,TL-9BC839F1,AT&T,3,269,269,6.5,6.5,209,209,Nokia AirScale ABIA,Nokia AirScale ABIA,2024-01-29,2025-01-01,none,False
CC-TWR-205065,TL-A3AB6172,AT&T,3,92,92,6.3,6.3,244,244,Ericsson AIR 6449,Ericsson AIR 6449,2024-07-13,2025-03-04,none,False
CC-TWR-395459,TL-3E5080F0,T-Mobile,1,245,245,4.9,4.9,79,79,Nokia AAFIA,Nokia AAFIA,2024-07-31,2025-03-18,none,False
CC-TWR-327999,TL-430672DF,Verizon,3,289,289,4.0,4.0,84,84,Ericsson AIR 3246,Ericsson AIR 3246,2024-10-08,2025-03-18,none,False
CC-TWR-916990,TL-8FD2EA10,T-Mobile,2,251,251,6.0,6.0,304,304,Nokia AAFIA,Nokia AAFIA,2024-02-13,2025-02-11,none,False
CC-TWR-912510,TL-B0BAC6D4,Verizon,3,123,123,2.0,2.0,106,106,CommScope FFHH-65C-R3-V2,CommScope FFHH-65C-R3-V2,2024-08-01,2025-02-11,none,False
CC-TWR-912510,TL-EB760164,T-Mobile,4,122,122,3.7,3.7,166,166,CommScope SBNHH-1D65C,CommScope SBNHH-1D65C,2024-09-16,2025-02-03,none,False
CC-TWR-713762,TL-B0913D8A,T-Mobile,2,182,182,4.4,8.3,185,185,CommScope SBNHH-1D65C,CommScope SBNHH-1D65C,2024-09-01,2025-01-01,tilt_deviation,True
CC-TWR-734565,TL-B808F9B6,AT&T,4,289,289,7.1,7.1,335,335,Ericsson AIR 6449,Ericsson AIR 6449,2024-06-26,2025-03-19,none,False
CC-TWR-327408,TL-1EC746D5,Verizon,2,106,106,3.0,3.0,136,136,Ericsson AIR 3246,Ericsson AIR 3246,2024-07-09,2025-01-05,none,False
CC-TWR-685549,TL-02F144D4,DISH Wireless,3,212,212,2.4,2.4,165,165,Ericsson AIR 3219,Ericsson AIR 3219,2024-03-16,2025-03-11,none,False
CC-TWR-685549,TL-0DA97514,AT&T,3,294,294,7.6,7.6,251,251,CommScope FFHH-65C-R3,CommScope FFHH-65C-R3,2024-11-05,2025-02-22,none,False
CC-TWR-775960,TL-D8CAB011,AT&T,1,182,182,6.9,6.9,129,129,CommScope FFHH-65C-R3,CommScope FFHH-65C-R3,2024-08-29,2025-03-20,none,False
CC-TWR-775960,TL-133669EF,T-Mobile,2,224,224,6.4,6.4,176,176,Nokia AAFIA,Ericsson AIR 6449 B41,2024-07-03,2025-03-03,model_mismatch,False
CC-TWR-208214,TL-17B41740,US Cellular,1,102,102,3.4,3.4,332,332,CommScope NHH-65C-R2B,CommScope NHH-65C-R2B,2024-10-08,2025-01-20,none,False
CC-TWR-208214,TL-3B5B3CB1,T-Mobile,1,155,155,7.6,7.6,234,234,CommScope SBNHH-1D65C,CommScope SBNHH-1D65C,2024-07-06,2025-01-06,none,False
CC-TWR-208214,TL-1DD67717,T-Mobile,4,164,164,3.5,3.5,48,48,Nokia AAFIA,Nokia AAFIA,2024-06-03,2025-02-18,none,False
CC-TWR-105919,TL-B5FF6295,AT&T,3,87,81,4.2,4.2,142,142,Ericsson AIR 6449,Ericsson AIR 6449,2024-07-19,2025-01-13,height_deviation,True
CC-TWR-105919,TL-C3EBE52C,Verizon,2,159,159,5.5,5.5,322,322,CommScope FFHH-65C-R3-V2,CommScope FFHH-65C-R3-V2,2024-02-29,2025-01-21,none,False
CC-TWR-875753,TL-7D0F8986,T-Mobile,2,188,188,6.8,6.8,112,112,CommScope SBNHH-1D65C,CommScope SBNHH-1D65C,2024-12-26,2025-01-19,none,False
CC-TWR-823255,TL-F2290936,DISH Wireless,2,93,93,4.7,4.7,52,52,Nokia AAHQA,Nokia AAHQA,2024-09-19,2025-02-21,none,False
CC-TWR-805034,TL-5B6E8B36,AT&T,3,57,57,7.4,7.4,17,17,Nokia AirScale ABIA,Nokia AirScale ABIA,2024-07-04,2025-01-31,none,False
CC-TWR-805034,TL-97CE71A8,AT&T,1,92,92,2.8,2.8,3,3,Ericsson AIR 6449,Ericsson AIR 6449,2024-07-22,2025-03-04,none,False
CC-TWR-283188,TL-77F51644,Verizon,2,76,76,3.8,3.8,77,77,CommScope FFHH-65C-R3-V2,CommScope FFHH-65C-R3-V2,2024-07-26,2025-01-06,none,False
CC-TWR-283188,TL-049652C2,Verizon,3,80,80,3.2,3.2,52,52,CommScope FFHH-65C-R3-V2,CommScope FFHH-65C-R3-V2,2024-04-13,2025-02-19,none,False
CC-TWR-207197,TL-893C1E76,T-Mobile,3,113,113,6.8,6.8,206,206,Ericsson AIR 6449 B41,Ericsson AIR 6449 B41,2024-11-06,2025-03-01,none,False
CC-TWR-855053,TL-D71602D9,T-Mobile,2,193,193,5.6,5.6,174,174,Ericsson AIR 6449 B41,Ericsson AIR 6449 B41,2024-01-12,2025-02-25,none,False
CC-TWR-855053,TL-36C0CB5B,AT&T,2,95,95,2.2,2.2,310,310,Ericsson AIR 6449,Ericsson AIR 6449,2024-01-21,2025-01-25,none,False
CC-TWR-488571,TL-83204F68,T-Mobile,2,63,63,5.9,5.9,207,207,CommScope SBNHH-1D65C,CommScope SBNHH-1D65C,2024-03-18,2025-03-21,none,False
CC-TWR-488571,TL-9D0FE0E0,Verizon,2,53,53,6.5,6.5,117,117,CommScope FFHH-65C-R3-V2,CommScope FFHH-65C-R3-V2,2024-02-26,2025-03-19,none,False
CC-TWR-488571,TL-E8C6DE7F,AT&T,1,40,40,7.7,7.7,85,85,CommScope FFHH-65C-R3,CommScope FFHH-65C-R3,2024-08-08,2025-03-08,none,False
CC-TWR-488571,TL-0F04029B,Verizon,3,49,49,5.9,5.9,201,201,Ericsson AIR 3246,CommScope FFHH-65C-R3-V2,2024-05-09,2025-02-13,model_mismatch,False
CC-TWR-183958,TL-395A3595,AT&T,3,131,131,4.9,4.9,32,32,CommScope FFHH-65C-R3,CommScope FFHH-65C-R3,2024-07-08,2025-02-27,none,False
CC-TWR-629903,TL-F4002B7C,AT&T,4,252,252,4.8,4.8,176,176,CommScope FFHH-65C-R3,CommScope FFHH-65C-R3,2024-06-19,2025-03-30,none,False
CC-TWR-910075,TL-ABC362D9,T-Mobile,2,123,123,3.9,3.9,320,320,Ericsson AIR 6449 B41,Ericsson AIR 6449 B41,2024-12-04,2025-02-10,none,False
CC-TWR-184002,TL-92DA80C4,US Cellular,4,123,123,7.0,7.0,250,250,Andrew DBXLH-6565C-VTM,Andrew DBXLH-6565C-VTM,2024-08-09,2025-03-05,none,False
CC-TWR-184002,TL-DBD87BDB,Verizon,1,57,57,3.8,3.8,222,222,Ericsson AIR 3246,Ericsson AIR 3246,2024-12-31,2025-01-16,none,False
CC-TWR-499226,TL-384D69CC,AT&T,1,107,107,2.5,2.5,4,4,Nokia AirScale ABIA,Nokia AirScale ABIA,2024-03-17,2025-03-26,none,False
CC-TWR-499226,TL-E831969B,Verizon,2,64,64,3.5,3.5,90,90,CommScope FFHH-65C-R3-V2,Ericsson AIR 3246,2024-06-20,2025-02-09,model_mismatch,False
CC-TWR-412856,TL-24FD9C6F,T-Mobile,1,118,118,6.9,6.9,232,232,Ericsson AIR 6449 B41,Ericsson AIR 6449 B41,2024-07-08,2025-02-09,none,False
CC-TWR-412856,TL-44B59CC8,Verizon,2,179,179,6.0,6.0,226,245,Ericsson AIR 3246,Ericsson AIR 3246,2024-04-11,2025-03-28,azimuth_rotation,True
CC-TWR-741079,TL-1B4012A2,DISH Wireless,1,119,119,7.0,7.0,165,165,Ericsson AIR 3219,Ericsson AIR 3219,2024-11-10,2025-03-11,none,False
CC-TWR-741079,TL-D10CF1F8,Verizon,1,87,87,5.1,5.1,285,285,Samsung MT6407,Samsung MT6407,2024-09-19,2025-01-29,none,False
CC-TWR-324993,TL-090FAA12,Verizon,1,246,246,4.0,4.0,229,229,CommScope FFHH-65C-R3-V2,CommScope FFHH-65C-R3-V2,2024-05-16,2025-03-20,none,False
CC-TWR-324993,TL-C33CC694,T-Mobile,2,120,120,6.6,6.6,145,145,Nokia AAFIA,Nokia AAFIA,2024-01-26,2025-03-11,none,False
CC-TWR-324993,TL-8361A128,Verizon,3,201,201,6.8,6.8,279,279,CommScope FFHH-65C-R3-V2,CommScope FFHH-65C-R3-V2,2024-03-31,2025-03-27,none,False
CC-TWR-324993,TL-16DAE7E9,AT&T,3,112,112,7.6,7.6,137,137,Nokia AirScale ABIA,Nokia AirScale ABIA,2024-10-20,2025-03-14,none,False
CC-TWR-324993,TL-A8D22B05,AT&T,3,229,229,7.0,7.0,188,188,Nokia AirScale ABIA,Nokia AirScale ABIA,2024-01-06,2025-01-31,none,False
CC-TWR-278852,TL-61315989,AT&T,3,81,81,4.6,4.6,146,146,CommScope FFHH-65C-R3,CommScope FFHH-65C-R3,2024-06-18,2025-01-20,none,False
CC-TWR-278852,TL-F74E341E,T-Mobile,2,118,118,5.0,7.4,79,79,Ericsson AIR 6449 B41,Ericsson AIR 6449 B41,2024-05-29,2025-01-26,tilt_deviation,True
CC-TWR-839945,TL-3917D873,T-Mobile,2,191,191,2.7,2.7,31,31,CommScope SBNHH-1D65C,CommScope SBNHH-1D65C,2024-06-18,2025-02-13,none,False
CC-TWR-839945,TL-0270AF09,AT&T,2,194,194,5.4,5.4,20,20,Ericsson AIR 6449,Ericsson AIR 6449,2024-09-29,2025-03-23,none,False
CC-TWR-839945,TL-3F88637D,AT&T,3,154,154,2.2,2.2,347,347,Ericsson AIR 6449,Ericsson AIR 6449,2024-06-12,2025-01-02,none,False
CC-TWR-121322,TL-79807B9E,AT&T,3,97,97,7.3,7.3,34,34,Ericsson AIR 6449,Ericsson AIR 6449,2024-05-30,2025-01-07,none,False
CC-TWR-121322,TL-EBAF0AA5,AT&T,3,130,130,6.5,6.5,134,134,CommScope FFHH-65C-R3,CommScope FFHH-65C-R3,2024-08-22,2025-03-02,none,False
CC-TWR-121322,TL-D17F110A,AT&T,4,112,112,3.1,3.1,9,9,Nokia AirScale ABIA,Nokia AirScale ABIA,2024-08-03,2025-01-26,none,False
CC-TWR-185569,TL-FDC66475,Verizon,2,164,164,3.1,3.1,4,4,Ericsson AIR 3246,Ericsson AIR 3246,2024-08-18,2025-01-06,none,False
CC-TWR-185569,TL-B9D5DFF7,T-Mobile,2,98,98,2.8,2.8,345,345,Nokia AAFIA,Nokia AAFIA,2024-02-21,2025-01-30,none,False
CC-TWR-185569,TL-7C518C25,AT&T,2,135,135,5.0,5.0,341,341,Ericsson AIR 6449,Ericsson AIR 6449,2024-07-29,2025-03-27,none,False
CC-TWR-631958,TL-95A5895E,DISH Wireless,3,118,118,4.2,4.2,281,281,Nokia AAHQA,Nokia AAHQA,2024-12-01,2025-01-14,none,False
CC-TWR-384434,TL-A71D541A,AT&T,4,235,235,6.0,6.0,207,207,Ericsson AIR 6449,Ericsson AIR 6449,2024-10-22,2025-03-02,none,False
CC-TWR-949363,TL-46DD193F,Verizon,2,99,99,2.4,2.4,264,264,Ericsson AIR 3246,Ericsson AIR 3246,2024-02-18,2025-01-02,none,False
CC-TWR-949363,TL-F621F0C8,Verizon,3,149,149,4.0,4.0,172,172,Ericsson AIR 3246,Ericsson AIR 3246,2024-12-02,2025-02-06,none,False
CC-TWR-616554,TL-7BF253E9,T-Mobile,3,46,46,3.5,3.5,340,340,Nokia AAFIA,Nokia AAFIA,2024-12-16,2025-02-27,none,False
CC-TWR-999695,TL-64603DC0,US Cellular,1,224,224,7.4,7.4,43,43,CommScope NHH-65C-R2B,CommScope NHH-65C-R2B,2024-04-17,2025-03-15,none,False
CC-TWR-130353,TL-94C77EC8,T-Mobile,1,44,44,5.0,5.0,268,268,Nokia AAFIA,Nokia AAFIA,2024-01-02,2025-01-04,none,False
CC-TWR-130353,TL-0A42F60F,T-Mobile,3,78,78,4.5,4.5,162,162,Nokia AAFIA,Nokia AAFIA,2024-04-10,2025-03-05,none,False
CC-TWR-130353,TL-2263AF01,Verizon,1,55,55,6.3,6.3,33,33,CommScope FFHH-65C-R3-V2,CommScope FFHH-65C-R3-V2,2024-08-07,2025-03-15,none,False
CC-TWR-130353,TL-362C16F6,T-Mobile,2,39,39,5.6,5.6,243,243,Ericsson AIR 6449 B41,Ericsson AIR 6449 B41,2024-07-03,2025-03-26,none,False
CC-TWR-130353,TL-56C13EF8,Verizon,1,38,38,4.7,4.7,4,4,CommScope FFHH-65C-R3-V2,CommScope FFHH-65C-R3-V2,2024-10-01,2025-01-04,none,False
CC-TWR-130353,TL-5B07BF38,AT&T,2,43,43,7.5,12.2,87,87,CommScope FFHH-65C-R3,CommScope FFHH-65C-R3,2024-07-25,2025-02-26,tilt_deviation,True
CC-TWR-130353,TL-786F1E58,Verizon,1,54,54,7.7,7.7,11,11,Ericsson AIR 3246,Ericsson AIR 3246,2024-09-05,2025-03-04,none,False
CC-TWR-784733,TL-FD6C4AAD,AT&T,1,103,103,2.5,2.5,156,156,Nokia AirScale ABIA,Nokia AirScale ABIA,2024-07-02,2025-03-12,none,False
CC-TWR-784733,TL-2B56F2DB,Verizon,3,68,68,4.7,4.7,116,116,Ericsson AIR 3246,Ericsson AIR 3246,2024-05-23,2025-03-12,none,False
CC-TWR-649300,TL-468CDBEE,AT&T,4,54,54,2.9,2.9,328,328,Ericsson AIR 6449,Ericsson AIR 6449,2024-05-19,2025-02-28,none,False
CC-TWR-855185,TL-94E7008A,Verizon,1,127,127,5.4,5.4,196,196,CommScope FFHH-65C-R3-V2,CommScope FFHH-65C-R3-V2,2024-07-01,2025-01-07,none,False
CC-TWR-245308,TL-51F08B3D,Verizon,4,119,119,2.1,2.1,96,96,CommScope FFHH-65C-R3-V2,CommScope FFHH-65C-R3-V2,2024-03-30,2025-01-23,none,False
CC-TWR-245308,TL-16DB538F,T-Mobile,2,199,199,3.0,3.0,45,45,Nokia AAFIA,Nokia AAFIA,2024-08-03,2025-01-16,none,False
CC-TWR-245308,TL-BA635D1B,AT&T,2,195,195,6.3,6.3,235,235,Nokia AirScale ABIA,Nokia AirScale ABIA,2024-04-23,2025-03-07,none,False
CC-TWR-245308,TL-6120145D,AT&T,4,220,220,4.8,4.8,13,13,CommScope FFHH-65C-R3,CommScope FFHH-65C-R3,2024-09-30,2025-02-02,none,False
CC-TWR-568449,TL-1A96343D,T-Mobile,1,206,206,5.1,5.1,342,342,Nokia AAFIA,Nokia AAFIA,2024-12-16,2025-01-31,none,False
CC-TWR-568449,TL-866998E9,AT&T,3,111,111,6.2,6.2,213,213,Nokia AirScale ABIA,Nokia AirScale ABIA,2024-12-19,2025-01-26,none,False
CC-TWR-568449,TL-B3155C18,Verizon,2,203,203,3.6,3.6,106,106,Ericsson AIR 3246,Ericsson AIR 3246,2024-09-07,2025-02-24,none,False
CC-TWR-568449,TL-D131E8C2,AT&T,3,112,112,3.5,3.5,193,193,Nokia AirScale ABIA,CommScope FFHH-65C-R3,2024-12-20,2025-02-13,model_mismatch,False
CC-TWR-416822,TL-71AA8CE8,Verizon,1,183,183,6.1,6.1,182,182,Samsung MT6407,Samsung MT6407,2024-03-20,2025-03-19,none,False
CC-TWR-416822,TL-A821FD87,US Cellular,2,129,129,6.9,6.9,54,54,CommScope NHH-65C-R2B,CommScope NHH-65C-R2B,2024-03-21,2025-02-19,none,False
CC-TWR-271456,TL-8B5FE386,T-Mobile,2,320,320,3.1,3.1,215,215,Nokia AAFIA,Nokia AAFIA,2024-12-29,2025-01-28,none,False
CC-TWR-271456,TL-0189F76F,Verizon,4,200,200,7.1,7.1,230,230,CommScope FFHH-65C-R3-V2,CommScope FFHH-65C-R3-V2,2024-09-03,2025-03-31,none,False
CC-TWR-256175,TL-5F8BEA93,AT&T,1,143,143,2.8,2.8,21,21,Ericsson AIR 6449,Ericsson AIR 6449,2024-04-23,2025-03-31,none,False
CC-TWR-898169,TL-4462ED32,Verizon,2,262,262,6.7,6.7,168,168,CommScope FFHH-65C-R3-V2,CommScope FFHH-65C-R3-V2,2024-03-16,2025-02-05,none,False
CC-TWR-898169,TL-F5697F46,Verizon,3,133,133,3.1,3.1,18,18,Ericsson AIR 3246,Ericsson AIR 3246,2024-01-23,2025-01-21,none,False
CC-TWR-172187,TL-9FBC127C,Verizon,3,123,123,3.1,3.1,202,202,Samsung MT6407,Samsung MT6407,2024-02-16,2025-01-20,none,False
CC-TWR-172187,TL-6FBBF311,T-Mobile,1,75,75,2.9,2.9,296,296,CommScope SBNHH-1D65C,CommScope SBNHH-1D65C,2024-09-30,2025-01-27,none,False
CC-TWR-125755,TL-04335DB6,T-Mobile,3,126,126,5.0,5.0,255,255,CommScope SBNHH-1D65C,CommScope SBNHH-1D65C,2024-09-24,2025-02-10,none,False
CC-TWR-414546,TL-9BE2C0A3,T-Mobile,1,229,229,3.6,3.6,231,231,CommScope SBNHH-1D65C,CommScope SBNHH-1D65C,2024-07-28,2025-02-14,none,False
CC-TWR-414546,TL-5A153394,T-Mobile,1,200,200,4.5,4.5,222,222,Ericsson AIR 6449 B41,Ericsson AIR 6449 B41,2024-01-07,2025-01-30,none,False
CC-TWR-414546,TL-D3A1423D,T-Mobile,3,214,214,7.2,7.2,13,13,Ericsson AIR 6449 B41,Ericsson AIR 6449 B41,2024-06-27,2025-02-16,none,False
CC-TWR-414546,TL-07D9AB07,AT&T,1,206,206,6.3,6.3,213,213,Nokia AirScale ABIA,Nokia AirScale ABIA,2024-02-06,2025-03-21,none,False
CC-TWR-453487,TL-D2C988E1,DISH Wireless,2,153,153,2.8,2.8,184,184,Ericsson AIR 3219,Ericsson AIR 3219,2024-08-08,2025-01-03,none,False
CC-TWR-453487,TL-CFF93F59,T-Mobile,1,257,257,3.3,3.3,124,124,Nokia AAFIA,Nokia AAFIA,2024-05-05,2025-03-20,none,False
CC-TWR-453487,TL-2C6C9374,T-Mobile,1,249,249,2.8,2.8,286,286,Nokia AAFIA,Nokia AAFIA,2024-12-24,2025-01-02,none,False
CC-TWR-243006,TL-DA7FF90D,Verizon,3,126,126,2.4,2.4,161,161,Ericsson AIR 3246,Ericsson AIR 3246,2024-04-12,2025-03-18,none,False
CC-TWR-243006,TL-C59DAFA2,AT&T,1,262,262,5.4,5.4,48,48,CommScope FFHH-65C-R3,CommScope FFHH-65C-R3,2024-06-11,2025-03-24,none,False
CC-TWR-243006,TL-0B9EC5D8,T-Mobile,1,257,248,3.2,3.2,199,199,Nokia AAFIA,Nokia AAFIA,2024-09-11,2025-03-13,height_deviation,True
CC-TWR-185544,TL-BE328523,C Spire,3,107,94,3.7,3.7,206,206,CommScope NHH-45C-R1A,CommScope NHH-45C-R1A,2024-06-19,2025-01-17,height_deviation,True
CC-TWR-185544,TL-E6FF9681,US Cellular,2,79,79,2.9,2.9,345,345,Andrew DBXLH-6565C-VTM,Andrew DBXLH-6565C-VTM,2024-05-19,2025-02-15,none,False
CC-TWR-340062,TL-B457202A,T-Mobile,3,53,53,2.3,2.3,222,222,CommScope SBNHH-1D65C,CommScope SBNHH-1D65C,2024-05-11,2025-01-14,none,False
CC-TWR-825686,TL-3FD41CDC,AT&T,2,142,142,3.3,3.3,293,293,Ericsson AIR 6449,Ericsson AIR 6449,2024-03-25,2025-02-14,none,False
CC-TWR-825686,TL-1857F693,Verizon,1,207,207,3.7,3.7,277,277,CommScope FFHH-65C-R3-V2,CommScope FFHH-65C-R3-V2,2024-08-31,2025-02-04,none,False
CC-TWR-825686,TL-AC9CFB34,AT&T,3,146,146,4.3,4.3,242,242,CommScope FFHH-65C-R3,CommScope FFHH-65C-R3,2024-05-30,2025-01-27,none,False
CC-TWR-460663,TL-BE270310,AT&T,2,225,225,3.1,3.1,338,338,Nokia AirScale ABIA,Nokia AirScale ABIA,2024-12-31,2025-01-20,none,False
CC-TWR-460663,TL-9F9303BE,AT&T,2,154,154,5.9,5.9,169,169,Ericsson AIR 6449,Ericsson AIR 6449,2024-05-09,2025-03-20,none,False
CC-TWR-460663,TL-8AD98F74,Verizon,3,132,132,5.6,5.6,7,7,Ericsson AIR 3246,Ericsson AIR 3246,2024-06-25,2025-01-19,none,False
CC-TWR-460663,TL-FB12BEFA,T-Mobile,2,191,191,3.2,3.2,108,108,Ericsson AIR 6449 B41,Ericsson AIR 6449 B41,2024-07-21,2025-01-07,none,False
CC-TWR-681456,TL-AEEB49A7,T-Mobile,3,64,64,5.9,5.9,226,226,Nokia AAFIA,Nokia AAFIA,2024-04-08,2025-02-05,none,False
CC-TWR-681456,TL-94342D1E,Verizon,1,61,61,6.4,6.4,20,20,Samsung MT6407,Samsung MT6407,2024-04-14,2025-02-26,none,False
CC-TWR-521126,TL-9EA0C64F,T-Mobile,3,127,127,6.4,6.4,247,247,Ericsson AIR 6449 B41,Ericsson AIR 6449 B41,2024-10-20,2025-03-25,none,False
CC-TWR-521126,TL-FF2DB7B8,Verizon,2,135,135,4.1,4.1,82,82,Ericsson AIR 3246,Ericsson AIR 3246,2024-03-15,2025-01-17,none,False
CC-TWR-521126,TL-46145847,T-Mobile,3,148,148,6.2,6.2,299,315,Nokia AAFIA,Nokia AAFIA,2024-03-05,2025-01-13,azimuth_rotation,True
CC-TWR-521126,TL-8985A3D9,AT&T,1,185,185,5.7,5.7,47,47,CommScope FFHH-65C-R3,CommScope FFHH-65C-R3,2024-09-12,2025-02-08,none,False
CC-TWR-372427,TL-250DF96E,Verizon,1,107,107,7.5,7.5,54,54,CommScope FFHH-65C-R3-V2,CommScope FFHH-65C-R3-V2,2024-07-14,2025-02-11,none,False
CC-TWR-372427,TL-A316883C,Verizon,1,98,98,7.1,7.1,13,13,CommScope FFHH-65C-R3-V2,CommScope FFHH-65C-R3-V2,2024-09-16,2025-01-31,none,False
CC-TWR-883132,TL-ABF2D900,T-Mobile,3,137,137,3.7,6.2,281,281,CommScope SBNHH-1D65C,CommScope SBNHH-1D65C,2024-07-19,2025-01-29,tilt_deviation,True
CC-TWR-883132,TL-EA8B5A7F,Verizon,1,120,120,3.4,3.4,100,100,Ericsson AIR 3246,Ericsson AIR 3246,2024-05-17,2025-03-20,none,False
CC-TWR-271276,TL-C6EDF0E4,Verizon,1,85,85,7.7,7.7,61,61,CommScope FFHH-65C-R3-V2,CommScope FFHH-65C-R3-V2,2024-01-24,2025-02-21,mount_conflict,False
CC-TWR-271276,TL-29CFEA4F,AT&T,1,62,62,3.0,3.0,101,101,CommScope FFHH-65C-R3,CommScope FFHH-65C-R3,2024-04-18,2025-01-08,none,False
CC-TWR-693297,TL-6EEE243E,Verizon,1,165,165,7.3,7.3,142,142,Ericsson AIR 3246,Ericsson AIR 3246,2024-03-07,2025-03-05,none,False
CC-TWR-693297,TL-C6259BA6,Verizon,4,171,171,5.1,5.1,132,132,Samsung MT6407,CommScope FFHH-65C-R3-V2,2024-02-20,2025-01-22,model_mismatch,False
CC-TWR-584714,TL-1CCCEED2,AT&T,4,85,79,4.7,4.7,337,337,CommScope FFHH-65C-R3,CommScope FFHH-65C-R3,2024-11-25,2025-02-18,height_deviation,True
CC-TWR-584714,TL-81E3E340,US Cellular,4,94,94,7.1,7.1,114,114,CommScope NHH-65C-R2B,CommScope NHH-65C-R2B,2024-06-14,2025-01-30,none,False
CC-TWR-488539,TL-FC230295,Verizon,2,113,113,4.7,4.7,181,181,CommScope FFHH-65C-R3-V2,CommScope FFHH-65C-R3-V2,2024-06-26,2025-01-01,none,False
CC-TWR-488539,TL-A8043946,AT&T,3,123,123,7.3,7.3,285,285,Ericsson AIR 6449,Ericsson AIR 6449,2024-04-08,2025-01-01,none,False
CC-TWR-214119,TL-A4AA058E,T-Mobile,1,115,115,3.9,3.9,17,17,Nokia AAFIA,Nokia AAFIA,2024-03-21,2025-02-28,none,False
CC-TWR-251716,TL-BE18D596,Verizon,3,65,65,2.1,2.1,70,70,CommScope FFHH-65C-R3-V2,Samsung MT6407,2024-11-04,2025-01-01,model_mismatch,False
CC-TWR-741390,TL-BE744B57,Verizon,2,293,293,6.1,6.1,13,13,Samsung MT6407,Samsung MT6407,2024-12-01,2025-01-20,none,False
CC-TWR-802448,TL-FEDC5077,C Spire,2,168,168,4.1,7.1,111,111,Kathrein 80010951,Kathrein 80010951,2024-07-14,2025-03-01,tilt_deviation,True
CC-TWR-802448,TL-322E0AF3,AT&T,2,289,289,3.0,3.0,165,165,CommScope FFHH-65C-R3,CommScope FFHH-65C-R3,2024-07-07,2025-02-23,none,False
CC-TWR-802448,TL-7CDE2C7F,T-Mobile,2,253,253,5.7,5.7,76,76,Ericsson AIR 6449 B41,CommScope SBNHH-1D65C,2024-10-07,2025-02-10,model_mismatch,False
CC-TWR-802448,TL-4004D7B9,AT&T,3,169,169,6.6,6.6,218,218,CommScope FFHH-65C-R3,CommScope FFHH-65C-R3,2024-02-23,2025-03-03,none,False
CC-TWR-595036,TL-399376D2,US Cellular,4,156,156,3.4,3.4,288,288,CommScope NHH-65C-R2B,CommScope NHH-65C-R2B,2024-07-27,2025-01-03,none,False
CC-TWR-272529,TL-B32BE973,T-Mobile,1,89,89,3.3,3.3,319,319,Ericsson AIR 6449 B41,Ericsson AIR 6449 B41,2024-05-23,2025-03-11,none,False
CC-TWR-272529,TL-6BDB4E0E,Verizon,1,154,154,7.1,7.1,172,172,Ericsson AIR 3246,Ericsson AIR 3246,2024-08-28,2025-03-27,none,False
CC-TWR-954441,TL-3C585607,C Spire,4,34,34,7.8,7.8,335,335,CommScope NHH-45C-R1A,CommScope NHH-45C-R1A,2024-07-28,2025-01-28,none,False
CC-TWR-954441,TL-1B7B2D24,AT&T,2,75,75,2.4,2.4,275,275,Ericsson AIR 6449,Ericsson AIR 6449,2024-01-20,2025-01-31,none,False
CC-TWR-954441,TL-510D1E37,T-Mobile,2,64,64,5.3,5.3,350,350,Ericsson AIR 6449 B41,Ericsson AIR 6449 B41,2024-08-24,2025-01-10,none,False
CC-TWR-906325,TL-DB7352F8,AT&T,2,95,95,5.7,5.7,4,4,CommScope FFHH-65C-R3,CommScope FFHH-65C-R3,2024-09-29,2025-01-26,none,False
CC-TWR-500209,TL-45E36E6E,AT&T,2,133,133,5.5,5.5,210,210,Ericsson AIR 6449,Ericsson AIR 6449,2024-07-31,2025-01-08,none,False
CC-TWR-499974,TL-5B76B53B,T-Mobile,1,174,174,6.7,6.7,231,231,Nokia AAFIA,Nokia AAFIA,2024-12-31,2025-01-02,none,False
CC-TWR-499974,TL-4B13509B,AT&T,1,105,105,2.6,2.6,356,356,Ericsson AIR 6449,Ericsson AIR 6449,2024-10-27,2025-03-24,none,False
CC-TWR-761532,TL-15526FFF,AT&T,1,258,258,6.2,6.2,278,278,Ericsson AIR 6449,Ericsson AIR 6449,2024-10-25,2025-02-25,none,False
CC-TWR-761532,TL-F91A3531,C Spire,4,113,106,5.7,5.7,108,108,Kathrein 80010951,Kathrein 80010951,2024-01-25,2025-02-11,height_deviation,True
CC-TWR-952646,TL-DF903835,T-Mobile,2,257,257,6.6,6.6,15,15,CommScope SBNHH-1D65C,CommScope SBNHH-1D65C,2024-05-19,2025-01-05,none,False
CC-TWR-628689,TL-49D6232D,AT&T,4,73,73,2.0,2.0,155,155,CommScope FFHH-65C-R3,Nokia AirScale ABIA,2024-01-16,2025-01-26,model_mismatch,False
CC-TWR-992819,TL-23DCBB04,T-Mobile,1,171,171,5.3,5.3,167,167,Ericsson AIR 6449 B41,Ericsson AIR 6449 B41,2024-02-10,2025-03-14,none,False
CC-TWR-992819,TL-3C5D17CA,AT&T,3,202,202,3.5,3.5,109,109,CommScope FFHH-65C-R3,CommScope FFHH-65C-R3,2024-09-21,2025-03-26,none,False
CC-TWR-675512,TL-D9888EE3,AT&T,1,165,165,5.8,5.8,96,96,Ericsson AIR 6449,Ericsson AIR 6449,2024-07-28,2025-03-13,none,False
CC-TWR-675512,TL-8A8CF517,Verizon,1,160,160,2.1,2.1,256,256,CommScope FFHH-65C-R3-V2,CommScope FFHH-65C-R3-V2,2024-04-23,2025-03-20,none,False
CC-TWR-967823,TL-683AE0D5,AT&T,2,98,98,2.4,2.4,248,248,Ericsson AIR 6449,Ericsson AIR 6449,2024-08-03,2025-03-23,none,False
CC-TWR-967823,TL-48BAE037,US Cellular,2,158,158,4.4,4.4,207,207,Andrew DBXLH-6565C-VTM,Andrew DBXLH-6565C-VTM,2024-06-18,2025-01-16,none,False
CC-TWR-360909,TL-1323D393,AT&T,3,123,123,6.1,6.1,236,236,Ericsson AIR 6449,Ericsson AIR 6449,2024-11-08,2025-02-05,none,False
CC-TWR-360909,TL-B409903F,T-Mobile,1,120,120,3.0,3.0,161,161,Ericsson AIR 6449 B41,Ericsson AIR 6449 B41,2024-11-15,2025-02-28,none,False
CC-TWR-781113,TL-8D07E0BF,AT&T,1,147,147,6.4,6.4,334,334,Nokia AirScale ABIA,Nokia AirScale ABIA,2024-06-06,2025-01-30,none,False
CC-TWR-143195,TL-8D8E1E71,AT&T,2,138,138,5.5,5.5,357,357,CommScope FFHH-65C-R3,CommScope FFHH-65C-R3,2024-07-19,2025-01-24,none,False
CC-TWR-749887,TL-21BA0756,AT&T,2,145,145,6.1,10.9,204,204,CommScope FFHH-65C-R3,CommScope FFHH-65C-R3,2024-08-22,2025-01-01,tilt_deviation,True
CC-TWR-726822,TL-960AB194,T-Mobile,2,157,157,7.3,7.3,192,192,Ericsson AIR 6449 B41,Ericsson AIR 6449 B41,2024-12-06,2025-03-02,none,False
CC-TWR-577079,TL-4D6C337A,T-Mobile,3,137,137,5.9,5.9,327,327,Ericsson AIR 6449 B41,Ericsson AIR 6449 B41,2024-01-29,2025-01-19,none,False
CC-TWR-577079,TL-CF2B3CC2,T-Mobile,1,196,196,2.4,2.4,326,326,Ericsson AIR 6449 B41,Ericsson AIR 6449 B41,2024-09-14,2025-02-11,none,False
CC-TWR-865470,TL-2907DDC2,Verizon,1,130,130,6.1,6.1,328,328,Samsung MT6407,Samsung MT6407,2024-05-03,2025-01-08,none,False
CC-TWR-865470,TL-E6795397,US Cellular,1,96,96,5.9,5.9,230,230,Andrew DBXLH-6565C-VTM,Andrew DBXLH-6565C-VTM,2024-06-11,2025-03-15,none,False
CC-TWR-660069,TL-4F17568E,AT&T,1,67,67,2.8,2.8,208,208,Ericsson AIR 6449,Ericsson AIR 6449,2024-04-19,2025-03-14,none,False
CC-TWR-579798,TL-DBAFA8AD,AT&T,1,94,94,4.4,4.4,327,327,Nokia AirScale ABIA,Nokia AirScale ABIA,2024-12-23,2025-01-24,none,False
CC-TWR-501936,TL-8334C3C5,T-Mobile,3,33,33,4.8,4.8,272,272,Nokia AAFIA,Nokia AAFIA,2024-10-05,2025-03-21,none,False
CC-TWR-874568,TL-0883065A,AT&T,2,150,150,5.2,5.2,142,142,Nokia AirScale ABIA,Nokia AirScale ABIA,2024-05-01,2025-03-02,none,False
CC-TWR-367729,TL-EC9ADF33,Verizon,3,262,262,4.0,4.0,74,74,Samsung MT6407,Samsung MT6407,2024-11-07,2025-03-20,none,False
CC-TWR-571404,TL-423DA0E2,T-Mobile,3,191,191,2.9,2.9,136,136,CommScope SBNHH-1D65C,CommScope SBNHH-1D65C,2024-07-23,2025-01-26,none,False
CC-TWR-571404,TL-8F892CFD,AT&T,3,104,104,7.4,7.4,358,358,Nokia AirScale ABIA,Nokia AirScale ABIA,2024-01-22,2025-02-11,none,False
CC-TWR-571404,TL-7C07D93D,US Cellular,3,117,117,4.5,4.5,85,85,CommScope NHH-65C-R2B,CommScope NHH-65C-R2B,2024-11-17,2025-03-02,none,False
CC-TWR-534152,TL-A9E016C0,Verizon,1,95,95,7.6,7.6,22,22,Samsung MT6407,Samsung MT6407,2024-10-08,2025-03-28,none,False
CC-TWR-534152,TL-4736112E,AT&T,3,130,130,7.2,7.2,242,242,Ericsson AIR 6449,Ericsson AIR 6449,2024-06-09,2025-02-12,none,False
CC-TWR-534152,TL-89297348,US Cellular,3,90,90,5.3,5.3,246,246,Andrew DBXLH-6565C-VTM,Andrew DBXLH-6565C-VTM,2024-01-26,2025-01-06,none,False
CC-TWR-688678,TL-5893D45A,Verizon,3,129,129,4.0,4.0,323,323,CommScope FFHH-65C-R3-V2,CommScope FFHH-65C-R3-V2,2024-05-26,2025-01-11,none,False
CC-TWR-688678,TL-60A97916,US Cellular,1,97,97,7.3,7.3,209,209,Andrew DBXLH-6565C-VTM,Andrew DBXLH-6565C-VTM,2024-02-07,2025-01-15,none,False
CC-TWR-194458,TL-BEDC2623,US Cellular,2,254,254,5.8,5.8,71,71,Andrew DBXLH-6565C-VTM,CommScope NHH-65C-R2B,2024-12-24,2025-02-03,model_mismatch,False
CC-TWR-596171,TL-2019A426,AT&T,2,189,189,5.6,5.6,343,3,Ericsson AIR 6449,Ericsson AIR 6449,2024-01-03,2025-01-30,azimuth_rotation,True
CC-TWR-373791,TL-8426E65D,T-Mobile,3,77,77,7.3,7.3,154,154,Ericsson AIR 6449 B41,Ericsson AIR 6449 B41,2024-03-05,2025-02-20,none,False
CC-TWR-357657,TL-7BBA30B4,T-Mobile,1,198,198,4.4,4.4,92,92,Nokia AAFIA,Nokia AAFIA,2024-10-31,2025-01-30,none,False
CC-TWR-357657,TL-8AC7E84E,T-Mobile,3,205,205,3.0,3.0,54,54,CommScope SBNHH-1D65C,CommScope SBNHH-1D65C,2024-09-27,2025-03-14,none,False
CC-TWR-357657,TL-F6C15562,AT&T,1,148,148,2.8,2.8,211,211,Ericsson AIR 6449,Ericsson AIR 6449,2024-04-30,2025-02-01,none,False
CC-TWR-323508,TL-3B3626F3,Verizon,3,205,205,6.5,6.5,80,80,CommScope FFHH-65C-R3-V2,CommScope FFHH-65C-R3-V2,2024-05-06,2025-03-13,none,False
CC-TWR-964226,TL-FEAAA038,AT&T,1,163,163,6.3,6.3,300,300,Ericsson AIR 6449,Ericsson AIR 6449,2024-03-11,2025-02-04,mount_conflict,False
CC-TWR-964226,TL-980155FE,T-Mobile,3,110,110,4.5,4.5,181,181,Nokia AAFIA,Nokia AAFIA,2024-04-23,2025-01-08,none,False
CC-TWR-397005,TL-D4159E50,DISH Wireless,1,120,120,7.6,7.6,101,101,Ericsson AIR 3219,Ericsson AIR 3219,2024-08-04,2025-01-03,none,False
CC-TWR-397005,TL-5B39039B,T-Mobile,2,231,231,7.2,7.2,323,323,Nokia AAFIA,Nokia AAFIA,2024-11-22,2025-02-04,none,False
CC-TWR-403915,TL-D0F91C40,AT&T,4,154,154,5.2,5.2,356,356,Ericsson AIR 6449,Ericsson AIR 6449,2024-04-05,2025-01-31,none,False
CC-TWR-403915,TL-9F618690,AT&T,2,181,172,3.9,3.9,55,55,CommScope FFHH-65C-R3,CommScope FFHH-65C-R3,2024-05-26,2025-01-01,height_deviation,True
CC-TWR-230679,TL-47C3624F,Verizon,2,156,156,5.9,5.9,264,264,CommScope FFHH-65C-R3-V2,CommScope FFHH-65C-R3-V2,2024-09-16,2025-02-21,none,False
CC-TWR-841521,TL-F1C7BFB1,Verizon,3,103,103,2.5,2.5,231,231,Samsung MT6407,Samsung MT6407,2024-11-29,2025-01-18,none,False
CC-TWR-841521,TL-A88D2037,US Cellular,3,86,86,4.0,7.8,307,307,CommScope NHH-65C-R2B,CommScope NHH-65C-R2B,2024-09-22,2025-03-30,tilt_deviation,True
CC-TWR-841521,TL-98B9A3F9,T-Mobile,2,50,50,2.9,2.9,166,166,Nokia AAFIA,Nokia AAFIA,2024-10-20,2025-03-13,none,False
CC-TWR-841521,TL-CAAACE50,US Cellular,2,76,76,7.3,7.3,138,138,Andrew DBXLH-6565C-VTM,Andrew DBXLH-6565C-VTM,2024-09-23,2025-01-15,none,False
CC-TWR-667776,TL-8F3E0F23,T-Mobile,2,41,41,6.7,6.7,209,209,Nokia AAFIA,Nokia AAFIA,2024-09-26,2025-01-16,none,False
CC-TWR-570735,TL-3DCE5A2F,T-Mobile,1,88,88,7.8,7.8,51,51,CommScope SBNHH-1D65C,CommScope SBNHH-1D65C,2024-07-13,2025-01-05,none,False
CC-TWR-109909,TL-956A3412,AT&T,1,218,218,5.4,5.4,114,114,Ericsson AIR 6449,Ericsson AIR 6449,2024-10-30,2025-02-11,none,False
CC-TWR-109909,TL-E9137693,T-Mobile,3,124,124,6.8,6.8,156,156,Nokia AAFIA,Nokia AAFIA,2024-01-08,2025-03-20,none,False
CC-TWR-752966,TL-9551894C,Verizon,3,102,102,2.8,2.8,345,345,Ericsson AIR 3246,Ericsson AIR 3246,2024-11-26,2025-03-25,none,False
CC-TWR-488028,TL-6FF31D03,AT&T,2,104,104,2.5,2.5,70,70,Nokia AirScale ABIA,Nokia AirScale ABIA,2024-09-25,2025-02-14,none,False
CC-TWR-488028,TL-93072939,AT&T,1,131,131,3.8,8.7,149,149,CommScope FFHH-65C-R3,CommScope FFHH-65C-R3,2024-02-02,2025-01-18,tilt_deviation,True
CC-TWR-254506,TL-7618F143,AT&T,1,174,174,6.3,6.3,258,258,Ericsson AIR 6449,Ericsson AIR 6449,2024-06-19,2025-03-23,none,False
CC-TWR-159354,TL-F2BC703F,T-Mobile,1,58,58,4.4,4.4,309,309,CommScope SBNHH-1D65C,CommScope SBNHH-1D65C,2024-02-26,2025-03-22,none,False
CC-TWR-942946,TL-FDDE69A6,Verizon,1,249,249,3.8,3.8,78,78,CommScope FFHH-65C-R3-V2,CommScope FFHH-65C-R3-V2,2024-04-15,2025-01-04,mount_conflict,False
CC-TWR-942946,TL-90D44609,T-Mobile,3,204,204,5.0,5.0,181,181,Ericsson AIR 6449 B41,Ericsson AIR 6449 B41,2024-11-30,2025-02-20,none,False
CC-TWR-218881,TL-2CE28ADC,AT&T,4,187,187,5.5,5.5,223,223,CommScope FFHH-65C-R3,CommScope FFHH-65C-R3,2024-07-12,2025-03-23,none,False
CC-TWR-174852,TL-DBD13EB1,Verizon,1,138,138,2.0,2.0,73,73,Ericsson AIR 3246,Ericsson AIR 3246,2024-11-29,2025-01-20,none,False
CC-TWR-306854,TL-05198465,Verizon,3,92,92,5.4,5.4,344,344,Samsung MT6407,Samsung MT6407,2024-11-07,2025-03-19,none,False
CC-TWR-306854,TL-13DD7E26,AT&T,3,85,85,3.3,3.3,91,110,Nokia AirScale ABIA,Nokia AirScale ABIA,2024-06-23,2025-02-15,azimuth_rotation,True
CC-TWR-511981,TL-B0064CCD,Verizon,1,104,104,5.2,9.8,113,113,Samsung MT6407,Samsung MT6407,2024-04-23,2025-03-13,tilt_deviation,True
CC-TWR-150126,TL-24F0FF43,T-Mobile,3,131,131,5.5,9.3,46,46,Ericsson AIR 6449 B41,Ericsson AIR 6449 B41,2024-05-12,2025-02-15,tilt_deviation,True
CC-TWR-150126,TL-5572C981,AT&T,2,217,217,2.8,2.8,332,332,Nokia AirScale ABIA,Nokia AirScale ABIA,2024-06-08,2025-01-24,mount_conflict,False
CC-TWR-375097,TL-1634909A,US Cellular,3,189,189,6.1,6.1,129,129,CommScope NHH-65C-R2B,CommScope NHH-65C-R2B,2024-01-18,2025-03-28,none,False
CC-TWR-375097,TL-1BCBE7B8,T-Mobile,1,149,149,6.0,9.8,251,251,Ericsson AIR 6449 B41,Ericsson AIR 6449 B41,2024-12-02,2025-01-10,tilt_deviation,True
CC-TWR-437237,TL-69D552A9,AT&T,2,149,149,5.2,5.2,255,276,CommScope FFHH-65C-R3,CommScope FFHH-65C-R3,2024-02-23,2025-03-06,azimuth_rotation,True
CC-TWR-159532,TL-3E6C5C3C,Verizon,3,183,183,7.6,7.6,336,336,CommScope FFHH-65C-R3-V2,CommScope FFHH-65C-R3-V2,2024-05-22,2025-03-25,none,False
CC-TWR-622987,TL-74D2420A,US Cellular,3,126,126,5.1,5.1,268,268,Andrew DBXLH-6565C-VTM,Andrew DBXLH-6565C-VTM,2024-07-04,2025-03-19,none,False
CC-TWR-988319,TL-104FCC14,C Spire,3,239,239,7.1,7.1,279,279,Kathrein 80010951,Kathrein 80010951,2024-09-02,2025-02-23,none,False
CC-TWR-988319,TL-58A975BC,T-Mobile,2,168,168,6.8,6.8,355,355,Nokia AAFIA,Nokia AAFIA,2024-10-19,2025-03-18,none,False
CC-TWR-988319,TL-8BF7236F,AT&T,1,280,280,5.1,5.1,185,185,Nokia AirScale ABIA,Nokia AirScale ABIA,2024-12-27,2025-01-02,none,False
CC-TWR-825916,TL-E1E9A22A,Verizon,2,176,176,2.5,2.5,46,46,Samsung MT6407,Samsung MT6407,2024-07-11,2025-02-17,none,False
CC-TWR-825916,TL-FBA10027,AT&T,3,108,108,6.3,6.3,271,271,Nokia AirScale ABIA,Nokia AirScale ABIA,2024-11-24,2025-03-16,none,False
CC-TWR-880550,TL-CE730418,AT&T,3,121,121,2.5,2.5,329,329,Nokia AirScale ABIA,Nokia AirScale ABIA,2024-02-10,2025-02-03,none,False
CC-TWR-880550,TL-CDC4FA03,US Cellular,3,68,68,7.8,7.8,281,281,Andrew DBXLH-6565C-VTM,Andrew DBXLH-6565C-VTM,2024-03-27,2025-02-22,none,False
CC-TWR-238353,TL-37F9DFB8,T-Mobile,3,197,197,3.1,3.1,197,197,CommScope SBNHH-1D65C,CommScope SBNHH-1D65C,2024-04-11,2025-01-04,none,False
CC-TWR-238353,TL-634D9199,Verizon,3,127,118,6.5,6.5,358,358,CommScope FFHH-65C-R3-V2,CommScope FFHH-65C-R3-V2,2024-08-11,2025-03-20,height_deviation,True
CC-TWR-895667,TL-6D5FA27C,AT&T,3,217,217,6.0,6.0,96,96,Nokia AirScale ABIA,Nokia AirScale ABIA,2024-01-09,2025-02-19,none,False
CC-TWR-895667,TL-41BB5798,US Cellular,3,297,284,3.4,3.4,33,33,CommScope NHH-65C-R2B,CommScope NHH-65C-R2B,2024-11-17,2025-03-03,height_deviation,True
CC-TWR-167348,TL-16925193,T-Mobile,1,185,185,3.2,3.2,19,19,Ericsson AIR 6449 B41,Ericsson AIR 6449 B41,2024-12-19,2025-03-31,none,False
CC-TWR-167348,TL-64CEEA00,AT&T,2,93,93,5.3,5.3,46,46,Nokia AirScale ABIA,Nokia AirScale ABIA,2024-03-30,2025-03-22,none,False
CC-TWR-489244,TL-C365125E,T-Mobile,2,226,226,2.9,2.9,289,289,CommScope SBNHH-1D65C,CommScope SBNHH-1D65C,2024-10-12,2025-01-21,none,False
CC-TWR-431246,TL-75D37FEA,AT&T,3,160,160,4.9,4.9,165,165,CommScope FFHH-65C-R3,CommScope FFHH-65C-R3,2024-10-24,2025-01-05,none,False
CC-TWR-583100,TL-7010DE06,AT&T,2,120,120,2.3,2.3,333,333,CommScope FFHH-65C-R3,CommScope FFHH-65C-R3,2024-12-01,2025-03-03,none,False
CC-TWR-117538,TL-B709D146,DISH Wireless,2,100,100,2.6,2.6,340,340,Nokia AAHQA,Nokia AAHQA,2024-10-08,2025-01-17,none,False
CC-TWR-772642,TL-C10750DF,AT&T,2,116,116,3.4,3.4,228,228,Nokia AirScale ABIA,Nokia AirScale ABIA,2024-01-20,2025-03-22,none,False
CC-TWR-772642,TL-9088A398,Verizon,1,123,123,4.3,4.3,257,257,Ericsson AIR 3246,Ericsson AIR 3246,2024-02-23,2025-03-18,none,False
CC-TWR-733561,TL-05B3CED0,Verizon,3,73,73,3.0,3.0,352,352,CommScope FFHH-65C-R3-V2,CommScope FFHH-65C-R3-V2,2024-01-27,2025-03-21,none,False
CC-TWR-275715,TL-750B77AF,C Spire,1,223,223,5.5,5.5,40,40,CommScope NHH-45C-R1A,CommScope NHH-45C-R1A,2024-07-07,2025-02-26,none,False
CC-TWR-749468,TL-EAD7E9E9,T-Mobile,3,84,84,2.6,6.3,33,33,Ericsson AIR 6449 B41,Ericsson AIR 6449 B41,2024-07-24,2025-03-22,tilt_deviation,True
CC-TWR-436318,TL-8D74C75E,Verizon,4,157,157,6.0,6.0,178,178,Samsung MT6407,Samsung MT6407,2024-10-24,2025-01-18,none,False
CC-TWR-794663,TL-D77DD19D,Verizon,2,219,219,4.6,4.6,347,347,Samsung MT6407,Samsung MT6407,2024-07-26,2025-01-15,none,False
CC-TWR-794663,TL-E30377B0,AT&T,1,130,130,4.8,4.8,131,151,Nokia AirScale ABIA,Nokia AirScale ABIA,2024-12-29,2025-03-20,azimuth_rotation,True
CC-TWR-784488,TL-9D263C79,T-Mobile,3,210,210,2.8,2.8,183,183,Ericsson AIR 6449 B41,Ericsson AIR 6449 B41,2024-06-12,2025-01-11,none,False
CC-TWR-443254,TL-0F1C7715,DISH Wireless,2,92,92,2.6,2.6,252,252,Ericsson AIR 3219,Ericsson AIR 3219,2024-09-25,2025-03-06,none,False
CC-TWR-178957,TL-F4B45370,T-Mobile,1,81,81,6.4,6.4,356,356,CommScope SBNHH-1D65C,CommScope SBNHH-1D65C,2024-01-20,2025-02-03,none,False
CC-TWR-701581,TL-D06FB07A,T-Mobile,1,76,76,2.8,2.8,98,98,Nokia AAFIA,Nokia AAFIA,2024-10-30,2025-02-18,none,False
CC-TWR-701581,TL-1B098D15,Verizon,2,139,139,3.3,3.3,46,46,CommScope FFHH-65C-R3-V2,CommScope FFHH-65C-R3-V2,2024-09-02,2025-02-01,none,False
CC-TWR-388016,TL-7C041BFF,Verizon,2,131,131,5.0,5.0,145,145,Samsung MT6407,Samsung MT6407,2024-09-02,2025-02-10,none,False
CC-TWR-921533,TL-D03A21CA,Verizon,2,270,270,7.8,7.8,281,281,Samsung MT6407,Samsung MT6407,2024-01-23,2025-03-20,none,False
CC-TWR-921533,TL-D37E4ACB,T-Mobile,2,170,163,7.0,7.0,251,251,CommScope SBNHH-1D65C,CommScope SBNHH-1D65C,2024-07-11,2025-01-27,height_deviation,True
CC-TWR-841635,TL-8B024AE8,T-Mobile,3,117,117,5.4,5.4,320,320,Ericsson AIR 6449 B41,Ericsson AIR 6449 B41,2024-08-25,2025-01-22,none,False
CC-TWR-869649,TL-BAB71DDC,US Cellular,3,222,222,6.3,6.3,99,99,CommScope NHH-65C-R2B,CommScope NHH-65C-R2B,2024-01-28,2025-01-18,none,False
CC-TWR-735388,TL-069FE16C,T-Mobile,2,171,171,6.0,6.0,207,207,Ericsson AIR 6449 B41,Ericsson AIR 6449 B41,2024-12-23,2025-01-09,none,False
CC-TWR-572387,TL-88026EDA,AT&T,3,231,231,4.1,4.1,81,81,Ericsson AIR 6449,Ericsson AIR 6449,2024-08-26,2025-01-15,none,False
CC-TWR-646428,TL-F402F1A6,C Spire,3,109,109,3.2,3.2,174,174,CommScope NHH-45C-R1A,CommScope NHH-45C-R1A,2024-12-30,2025-01-13,none,False
CC-TWR-416503,TL-0F9D2E81,DISH Wireless,4,35,35,7.4,7.4,94,94,Ericsson AIR 3219,Ericsson AIR 3219,2024-11-04,2025-03-10,mount_conflict,False
CC-TWR-643323,TL-8496FA56,Verizon,4,80,80,5.5,5.5,108,108,CommScope FFHH-65C-R3-V2,CommScope FFHH-65C-R3-V2,2024-12-08,2025-01-07,none,False
CC-TWR-643323,TL-C393C7B8,T-Mobile,3,138,138,5.3,5.3,162,162,Ericsson AIR 6449 B41,Ericsson AIR 6449 B41,2024-06-08,2025-02-12,none,False
CC-TWR-378258,TL-B0A71B1B,Verizon,1,61,61,4.6,4.6,172,172,Samsung MT6407,Samsung MT6407,2024-08-27,2025-02-14,none,False
CC-TWR-378258,TL-9C102D76,T-Mobile,1,47,47,5.5,5.5,90,90,CommScope SBNHH-1D65C,CommScope SBNHH-1D65C,2024-04-14,2025-02-15,none,False
CC-TWR-620226,TL-2105D2B7,Verizon,4,34,34,6.7,6.7,11,11,Ericsson AIR 3246,Ericsson AIR 3246,2024-03-31,2025-02-10,none,False
CC-TWR-620226,TL-FBA94E97,T-Mobile,2,52,52,7.6,7.6,346,346,Nokia AAFIA,Nokia AAFIA,2024-06-30,2025-03-06,none,False
CC-TWR-193035,TL-D3969A98,T-Mobile,1,160,160,6.0,6.0,195,195,Ericsson AIR 6449 B41,Ericsson AIR 6449 B41,2024-05-10,2025-03-26,none,False
CC-TWR-193035,TL-084AB416,AT&T,3,223,223,3.9,8.6,193,193,Nokia AirScale ABIA,Nokia AirScale ABIA,2024-12-21,2025-01-15,tilt_deviation,True
CC-TWR-846247,TL-072CA8B0,AT&T,2,138,138,4.9,4.9,220,220,CommScope FFHH-65C-R3,CommScope FFHH-65C-R3,2024-11-08,2025-03-25,none,False
CC-TWR-846247,TL-4D96AFA7,T-Mobile,1,185,185,4.0,4.0,142,142,CommScope SBNHH-1D65C,CommScope SBNHH-1D65C,2024-02-11,2025-02-04,none,False
CC-TWR-179184,TL-E56003A7,DISH Wireless,3,129,129,6.4,6.4,344,358,Ericsson AIR 3219,Ericsson AIR 3219,2024-02-10,2025-01-09,azimuth_rotation,True
CC-TWR-153266,TL-9B4F2145,AT&T,2,61,61,4.1,4.1,264,264,Nokia AirScale ABIA,Nokia AirScale ABIA,2024-02-20,2025-02-23,none,False
CC-TWR-907455,TL-AAD5A2DD,T-Mobile,2,103,103,4.8,4.8,301,301,CommScope SBNHH-1D65C,CommScope SBNHH-1D65C,2024-07-21,2025-01-31,none,False
CC-TWR-358494,TL-AEAD3F34,US Cellular,1,96,96,3.7,3.7,202,202,CommScope NHH-65C-R2B,CommScope NHH-65C-R2B,2024-12-20,2025-02-25,none,False
CC-TWR-628313,TL-8BA38BBB,T-Mobile,3,106,106,7.1,7.1,204,204,Ericsson AIR 6449 B41,Ericsson AIR 6449 B41,2024-12-05,2025-01-09,none,False
CC-TWR-253347,TL-D0AA0B4D,AT&T,1,256,256,4.3,4.3,138,138,Nokia AirScale ABIA,Nokia AirScale ABIA,2024-12-28,2025-01-17,none,False
CC-TWR-253347,TL-1E332F13,T-Mobile,3,120,120,5.0,5.0,64,64,Nokia AAFIA,Nokia AAFIA,2024-07-20,2025-01-17,none,False
CC-TWR-634473,TL-90BAA34C,DISH Wireless,1,199,199,3.9,3.9,163,163,Ericsson AIR 3219,Ericsson AIR 3219,2024-07-31,2025-03-06,none,False
CC-TWR-892170,TL-162E37A8,T-Mobile,2,140,140,4.1,4.1,287,287,Nokia AAFIA,Nokia AAFIA,2024-10-21,2025-03-15,none,False
CC-TWR-913423,TL-BA1E2958,T-Mobile,1,161,161,6.1,6.1,209,209,Ericsson AIR 6449 B41,Ericsson AIR 6449 B41,2024-10-15,2025-02-05,none,False
CC-TWR-421549,TL-CADAC36B,Verizon,2,166,166,3.8,3.8,256,256,Ericsson AIR 3246,Ericsson AIR 3246,2024-02-08,2025-01-27,none,False
CC-TWR-691912,TL-3A8CB5BD,T-Mobile,2,216,216,5.3,5.3,328,328,Ericsson AIR 6449 B41,Ericsson AIR 6449 B41,2024-02-21,2025-01-20,none,False
CC-TWR-691912,TL-E3466B60,T-Mobile,1,236,236,3.0,3.0,161,161,CommScope SBNHH-1D65C,CommScope SBNHH-1D65C,2024-11-10,2025-01-03,none,False
CC-TWR-786508,TL-4ECF3720,Verizon,4,125,125,4.5,4.5,158,158,CommScope FFHH-65C-R3-V2,CommScope FFHH-65C-R3-V2,2024-04-10,2025-03-10,none,False
CC-TWR-460745,TL-654371E0,Verizon,4,177,177,5.4,5.4,318,318,Samsung MT6407,Samsung MT6407,2024-07-01,2025-03-01,none,False
CC-TWR-460745,TL-28D34747,Verizon,2,129,129,6.4,6.4,177,177,Ericsson AIR 3246,Ericsson AIR 3246,2024-10-13,2025-01-15,none,False
CC-TWR-460745,TL-A95CF06E,C Spire,2,104,104,4.3,4.3,117,117,Kathrein 80010951,Kathrein 80010951,2024-01-23,2025-01-31,none,False
CC-TWR-786393,TL-0C801023,AT&T,2,127,127,5.2,5.2,6,26,Ericsson AIR 6449,Ericsson AIR 6449,2024-04-23,2025-01-21,azimuth_rotation,True
CC-TWR-286638,TL-1444C4D4,Verizon,3,178,178,5.8,5.8,205,205,Samsung MT6407,Samsung MT6407,2024-12-24,2025-03-10,none,False
CC-TWR-626806,TL-C1835A71,T-Mobile,3,202,202,3.8,3.8,142,142,Ericsson AIR 6449 B41,Ericsson AIR 6449 B41,2024-02-16,2025-01-19,none,False
CC-TWR-133795,TL-BDD2D66D,AT&T,4,96,96,2.1,2.1,292,292,Ericsson AIR 6449,Ericsson AIR 6449,2024-03-24,2025-02-13,none,False
CC-TWR-758775,TL-9D95AA81,AT&T,1,104,104,7.6,7.6,104,114,Ericsson AIR 6449,Ericsson AIR 6449,2024-04-16,2025-03-29,azimuth_rotation,True
CC-TWR-396882,TL-6BC9F92C,T-Mobile,1,82,82,2.1,2.1,228,228,CommScope SBNHH-1D65C,CommScope SBNHH-1D65C,2024-09-08,2025-02-08,none,False
CC-TWR-475479,TL-B3C43E71,Verizon,3,84,84,4.4,4.4,337,337,Samsung MT6407,Samsung MT6407,2024-04-21,2025-03-30,none,False
CC-TWR-475479,TL-E62416FD,Verizon,4,89,89,8.0,8.0,207,207,Ericsson AIR 3246,Ericsson AIR 3246,2024-01-27,2025-03-23,none,False
CC-TWR-212255,TL-6D8F1F84,Verizon,1,109,109,4.2,4.2,7,7,Ericsson AIR 3246,Ericsson AIR 3246,2024-11-20,2025-02-07,none,False
CC-TWR-218414,TL-0C10F3F2,AT&T,2,97,97,7.6,7.6,241,241,Ericsson AIR 6449,Ericsson AIR 6449,2024-02-27,2025-02-17,none,False
CC-TWR-824042,TL-4162DC28,AT&T,4,86,86,5.7,5.7,319,319,Nokia AirScale ABIA,Nokia AirScale ABIA,2024-08-07,2025-03-19,none,False
CC-TWR-824042,TL-A900D707,Verizon,3,107,107,5.4,5.4,45,45,Samsung MT6407,Samsung MT6407,2024-12-14,2025-01-29,none,False
CC-TWR-768676,TL-9F384719,AT&T,1,68,68,5.1,5.1,214,214,Ericsson AIR 6449,Ericsson AIR 6449,2024-06-16,2025-01-10,none,False
CC-TWR-172274,TL-6BCD4E26,T-Mobile,2,94,94,7.5,7.5,329,329,Nokia AAFIA,Nokia AAFIA,2024-09-13,2025-01-01,none,False
CC-TWR-754644,TL-DD822732,AT&T,2,153,153,5.2,5.2,16,16,Nokia AirScale ABIA,Nokia AirScale ABIA,2024-03-19,2025-03-18,none,False
CC-TWR-618934,TL-C1666943,T-Mobile,1,209,209,7.5,11.4,155,155,CommScope SBNHH-1D65C,CommScope SBNHH-1D65C,2024-08-15,2025-01-06,tilt_deviation,True
CC-TWR-180657,TL-D7CB0DDB,Verizon,1,97,97,7.7,7.7,150,150,Ericsson AIR 3246,Ericsson AIR 3246,2024-10-16,2025-02-14,none,False
CC-TWR-767830,TL-35292FB4,AT&T,3,186,186,6.8,6.8,60,60,Ericsson AIR 6449,Ericsson AIR 6449,2024-02-13,2025-01-02,none,False
CC-TWR-619920,TL-38868382,AT&T,2,111,111,3.4,3.4,132,132,Ericsson AIR 6449,CommScope FFHH-65C-R3,2024-10-31,2025-03-06,model_mismatch,False
CC-TWR-495533,TL-48C0F7D2,C Spire,1,142,142,4.0,4.0,70,70,CommScope NHH-45C-R1A,CommScope NHH-45C-R1A,2024-01-16,2025-03-13,none,False
CC-TWR-777558,TL-EB99BDB4,T-Mobile,1,81,81,3.1,3.1,244,244,CommScope SBNHH-1D65C,CommScope SBNHH-1D65C,2024-12-19,2025-01-15,none,False
CC-TWR-833247,TL-B3843082,T-Mobile,3,141,141,5.5,8.6,143,143,Ericsson AIR 6449 B41,Ericsson AIR 6449 B41,2024-04-29,2025-03-05,tilt_deviation,True
CC-TWR-399607,TL-62E20F8C,AT&T,1,125,125,6.1,6.1,210,210,Nokia AirScale ABIA,Nokia AirScale ABIA,2024-03-28,2025-02-07,none,False
CC-TWR-404561,TL-2471E01D,T-Mobile,2,76,76,7.8,7.8,79,79,CommScope SBNHH-1D65C,CommScope SBNHH-1D65C,2024-11-27,2025-02-09,none,False
CC-TWR-278240,TL-603A472B,T-Mobile,4,111,111,4.0,4.0,89,89,Nokia AAFIA,Nokia AAFIA,2024-07-24,2025-03-19,none,False
CC-TWR-480941,TL-58AF48B8,AT&T,3,281,281,7.1,7.1,117,117,Nokia AirScale ABIA,Nokia AirScale ABIA,2024-04-02,2025-02-27,none,False
CC-TWR-935457,TL-B55D77BE,T-Mobile,2,190,190,7.1,7.1,158,158,Ericsson AIR 6449 B41,Ericsson AIR 6449 B41,2024-01-31,2025-01-19,none,False
CC-TWR-935457,TL-4D641456,AT&T,3,205,205,4.0,4.0,34,34,Nokia AirScale ABIA,Nokia AirScale ABIA,2024-01-07,2025-02-12,none,False
CC-TWR-133958,TL-6DBD5FCA,DISH Wireless,3,250,250,4.0,4.0,227,227,Ericsson AIR 3219,Ericsson AIR 3219,2024-01-19,2025-03-04,none,False
CC-TWR-692002,TL-AB9AC95F,T-Mobile,3,87,87,2.7,2.7,276,276,Ericsson AIR 6449 B41,CommScope SBNHH-1D65C,2024-08-23,2025-02-26,model_mismatch,False
CC-TWR-161437,TL-89975A38,T-Mobile,1,278,278,3.1,3.1,38,38,CommScope SBNHH-1D65C,CommScope SBNHH-1D65C,2024-04-03,2025-02-24,none,False
CC-TWR-576877,TL-62E240DC,T-Mobile,1,78,78,7.4,7.4,151,151,Ericsson AIR 6449 B41,Ericsson AIR 6449 B41,2024-06-01,2025-02-03,none,False
CC-TWR-136415,TL-C6FFE255,AT&T,1,226,226,4.0,4.0,264,264,Ericsson AIR 6449,Ericsson AIR 6449,2024-05-24,2025-01-01,none,False
CC-TWR-508783,TL-03540648,AT&T,2,84,84,5.3,5.3,85,85,CommScope FFHH-65C-R3,CommScope FFHH-65C-R3,2024-07-13,2025-01-20,none,False
CC-TWR-618746,TL-A7C98439,T-Mobile,2,72,72,7.5,7.5,111,111,Ericsson AIR 6449 B41,Ericsson AIR 6449 B41,2024-05-18,2025-01-11,mount_conflict,False
CC-TWR-596564,TL-753846A1,Verizon,1,221,221,2.9,2.9,29,29,Samsung MT6407,Samsung MT6407,2024-03-15,2025-03-04,none,False
CC-TWR-728950,TL-0332B1D1,AT&T,3,85,85,3.5,3.5,225,225,Nokia AirScale ABIA,Nokia AirScale ABIA,2024-09-16,2025-01-30,none,False
CC-TWR-422554,TL-2405D554,Verizon,3,190,190,5.5,5.5,166,166,Samsung MT6407,Samsung MT6407,2024-12-10,2025-01-18,none,False
CC-TWR-783176,TL-5F20E912,Verizon,3,115,115,3.6,3.6,39,39,Samsung MT6407,Samsung MT6407,2024-05-26,2025-02-12,none,False
CC-TWR-491439,TL-477C619A,C Spire,3,145,145,5.2,5.2,211,211,Kathrein 80010951,Kathrein 80010951,2024-05-26,2025-03-25,none,False
CC-TWR-598807,TL-181AB00E,AT&T,3,94,94,3.9,3.9,51,51,Ericsson AIR 6449,Ericsson AIR 6449,2024-08-23,2025-03-22,none,False
CC-TWR-423232,TL-E2E8079D,Verizon,1,98,98,6.4,6.4,49,49,Ericsson AIR 3246,Ericsson AIR 3246,2024-11-24,2025-01-05,none,False
